Qx,MIN_FERR,TX_LAPSE_TOT_MIN,TX_LAPSE_TOT_MAX,FACT_DIM,TX_LAPSE_PART_MIN,TX_LAPSE_PART_MAX,FORWARD_RATE,rendDEX_an,rendMM_an,rendTSX_an,rendSP500_an,rendEAFE_an,AJUST_FORWARD_RATE_VM_0,FRAIS,PC_COMMISSION_VENTE_RF,PC_COMMISSION_VENTE_AC,PC_COMMISSION_MAINTIEN_RF,PC_COMMISSION_MAINTIEN_AC,PC_FRAIS_AN_AC,PC_FRAIS_AN_RF,PC_DEPOT_ANNUEL,VAR_DEPOT_FCT,AGE_MAX_DEPOT,I_EVEN_CESSE_DEPOT,BASE_PASSIF_REDRESSE,TX_PASSIF_REDRESSE,BASE_COUSSIN_CREDIT,TX_COUSSIN_CREDIT,BASE_COUSSIN_MARCHE,TX_COUSSIN_MARCHE,BASE_COUSSIN_DEPENSE,TX_COUSSIN_DEPENSE,BASE_COUSSIN_DECHEANCE,TX_COUSSIN_DECHEANCE,BASE_COUSSIN_MORTALITE,TX_COUSSIN_MORTALITE,BASE_COUSSIN_DEPOT,TX_COUSSIN_DEPOT,FACTEUR_AGE_80,FACTEUR_AGE_90,MT_SP500_PROJ,MT_TSX_PROJ,MT_EAFE_PROJ,MT_DEX_PROJ,MT_MM_PROJ,MT_VM_PROJ,MT_GAR_ECH_PROJ,MT_GAR_DECES_PROJ,MT_BONI_DECES_PROJ,ANNEE_ECH_PROJ,MOIS_ECH_PROJ,TX_SURVIE,MT_SRG_PROJ,MT_BCB_PROJ,MT_MRV_MRG_MRA_PROJ,TAUX_MRV_MRG_MRA_PROJ,MT_MIN_FERR_PROJ,TX_ACTUALISATION,MT_VM,MT_DEX,MT_SP500,MT_TSX,MT_EAFE,MT_MM,AJUSTEMENT_MENSUEL_GAR,MT_RF,PC_REVENU_FDS,PC_RFG,PC_FRAIS_GARANTIE,PC_HONORAIRES_GEST,MT_GAR_ECH,MT_GAR_DECES,MT_BCB,MT_SRG,MT_MRV_MRG_MRA,M_MT_MRV_EXCEDENT,TAUX_MRV_MRG_MRA,MT_BONI_DECES,ID_PRODUIT,I_PRODUIT_REGR,I_PRODUIT_HEDGE,PC_GAR_ECH,PC_GAR_ECH_DEP_FUT,MAX_RESET_FACUL_ECH,RATIO_VM_VG_RESET_ECH,AGE_FIN_CONTRAT,PC_RENOUV_ECH,AGE_MAX_RENOUV_ECH,NB_AN_ECH,AGE_ECH_MIN,PC_GAR_DECES_1,PC_GAR_DECES_2,AGE_CHANG_DECES,FREQ_RESET_DECES,MAX_RESET_DECES,I_RESET_DECES_ECH,PC_BONI_DECES,MAX_BONI_DECES,AGE_MRV_PERMIS,PC_BONI_SRG,FREQ_RESET_SRG,MAX_RESET_SRG,I_FRAIS_SUR_SRG,TABLE_TAUX_MRV_MRG_MRA,MT_TPA_RETRAIT,MT_TPA_DEPOT,AJUSTEMENT_COMMISSION,MOIS_EVALUATION_INI,ANNEE_NAIS,MOIS_NAIS,ANNEE_COTIS,MOIS_COTIS,ANNEE_ECH,MOIS_ECH,I_REGIME,I_REGIME_2,AGE_DECAISSEMENT,I_SEXE,ID_LAPSE,ID_ACQUI,ID_DEPOT,VAR_RETRAIT_FCT,PC_RETRAIT_AGE,MT_RETRAIT_MAX,I_RESET_FACUL_ECH,ID_COMPTE,scn_eval,an_eval,mois_eval,scn_eval_int,an_eval_int,mois_eval_ext,TX_SURVIE_DEB,TX_ACTUALISATION_DEB,VALEUR_MARCHANDE,rc,AJUST_NOUV_AFFAIRES,MT_VM_AV_RETRAIT_FRAIS,duree_max10,VM_VG_RATIO,LAPSE_NIV_PART,LAPSE_NIV_TOT,LAPSE_TOT,LAPSE_PART,LAPSE,annee_reelle,AGE_RETRAIT,AGE,age_MORTALITE,RETRAIT,DEPOT_FUTUR,MT_VM_AV_RETRAIT,PRIMES_GARANTIES,VP_PRIMES_GARANTIES,MT_SRG_AV_RETRAIT,PREST_MRV,VP_PREST_MRV,MT_VM_AP_RETRAIT,MT_VM_AP_RETRAIT_DEPOT,PREST_DECES,VP_PREST_DECES,PREST_ECH,VP_PREST_ECH,PC_COMMISSION_MAINTIEN,PC_COMMISSION_VENTE,PC_FRAIS_AN,COMM_VENTE,VP_COMM_VENTE,FRAIS_ACQUIS,VP_FRAIS_ACQUIS,FRAIS_FIXES,VP_FRAIS_FIXES,HON_GEST,VP_HON_GEST,COMM_MAINTIEN,VP_COMM_MAINTIEN,PRIMES_VARIABLES,VP_PRIMES_VARIABLES,VP_FLUX_TOT,UNITE_COUVERTURE,VALEUR_GARANTIE,DEPOT_FUTUR_SURVIE,VP_VALEUR_MARCHANDE,REM_COMP_INV,CODE_CAT_PRODUIT,CAT_COUSSIN_1,CAT_COUSSIN_2,COUSSIN_DEPENSE,COUSSIN_DECHEANCE,COUSSIN_MORTALITE,PASSIF_REDRESSE,COUSSIN_CREDIT,COUSSIN_MARCHE,COUSSIN_DEPOT,VP_COUSSIN_DEPENSE,VP_COUSSIN_DECHEANCE,VP_COUSSIN_MORTALITE,VP_COUSSIN_DEPOT,VP_PASSIF_REDRESSE,VP_COUSSIN_CREDIT,VP_COUSSIN_MARCHE
,,,,,,,,,,,,,,,,,,,,,,,,,,,,,,,,,,,,,,,,,65.359076352,34.192583994,12.423395943,20.279235956,0.0,132.25429225,93.851279451,125.13503927,,,,1.0,0.0,,,,,,132.25429225,20.279235956,65.359076352,34.192583994,12.423395943,0.0,0.0,0.0,0.0082504641,0.0082504641,0.0,0.0005213697,93.851279451,125.13503927,0.0,0.0,0.0,0.0,0.0,0.0,13.0,0.0,0.0,0.75,0.75,0.0,0.0,99.0,1.0,99.0,999.0,0.0,1.0,0.0,999.0,0.0,0.0,0.0,0.0,999.0,0.0,0.0,0.0,0.0,0.0,0.0,0.0,0.0,1.0,7.0,2014.0,12.0,2024.0,9.0,2071.0,5.0,0.0,0.0,999.0,0.0,27.0,15.0,13.0,1.0,0.0,0.0,0.0,1,1,0,7,,,7,1.0,,,,,,,,,,,,,,,1.0,,,,,,,,,,,,,,,,,,,,,,,,,,,,,,,,,,,,,,,,,,,,,,,,,,,,,
6.166876119095832e-06,,,,,,,,0.018194079399108887,0.002858822699636221,-0.07422418892383575,0.061072904616594315,0.035694677382707596,,,,,,,,,,,,,,,,,,,,,,,,,,,,,66.99409484863281,35.04794692993164,12.734179496765137,20.786540985107422,0.0,135.56277465820312,94.53170013427734,126.04226684570312,,,,0.9824411869049072,0.0,,,,,,132.25429225,20.279235956,65.359076352,34.192583994,12.423395943,0.0,0.0,0.0,0.0082504641,0.0082504641,0.0,0.0005213697,93.851279451,125.13503927,0.0,0.0,0.0,0.0,0.0,0.0,13.0,0.0,0.0,0.75,0.75,0.0,0.0,99.0,1.0,99.0,999.0,0.0,1.0,0.0,999.0,0.0,0.0,0.0,0.0,999.0,0.0,0.0,0.0,0.0,0.0,0.0,0.0,0.0,1.0,7.0,2014.0,12.0,2024.0,9.0,2071.0,5.0,0.0,0.0,999.0,0.0,27.0,15.0,13.0,1.0,0.0,0.0,0.0,1,1,1,7,,,7,1.0,,,,,,,,,,0.09271775186061859,0.09872458875179291,,,,10.0,,0.0,0.9072290062904358,134.65554809570312,0.0,,,0.0,,134.65554809570312,,0.0,,0.0,,,,,-0.0,,0.0,,-4.615326404571533,,-0.0058545940555632114,,-0.0486416332423687,,0.09261272102594376,,,,,,,,,,,,,,,,,,,,,,,,
6.166876119095832e-06,,,,,,,,0.003520270809531212,0.002413066104054451,0.08211159706115723,0.04165428876876831,0.040592703968286514,,,,,,,,,,,,,,,,,,,,,,,,,,,,,70.58158111572266,36.924739837646484,13.416085243225098,21.89964485168457,0.0,142.8220672607422,95.21212005615234,126.94950103759766,,,,0.9651908278465271,0.0,,,,,,132.25429225,20.279235956,65.359076352,34.192583994,12.423395943,0.0,0.0,0.0,0.0082504641,0.0082504641,0.0,0.0005213697,93.851279451,125.13503927,0.0,0.0,0.0,0.0,0.0,0.0,13.0,0.0,0.0,0.75,0.75,0.0,0.0,99.0,1.0,99.0,999.0,0.0,1.0,0.0,999.0,0.0,0.0,0.0,0.0,999.0,0.0,0.0,0.0,0.0,0.0,0.0,0.0,0.0,1.0,7.0,2014.0,12.0,2024.0,9.0,2071.0,5.0,0.0,0.0,999.0,0.0,27.0,15.0,13.0,1.0,0.0,0.0,0.0,1,1,1,8,,,8,0.9824411869049072,,,,,,,,,,0.09271713346242905,0.09872450679540634,,,,10.0,,0.0,0.9072290062904358,141.91482543945312,0.0,,,0.0,,141.91482543945312,,0.0,,0.0,,,,,-0.0,,0.0,,-4.5342864990234375,,-0.006061874330043793,,-0.050363775342702866,,0.09589164704084396,,,,,,,,,,,,,,,,,,,,,,,,
6.166876119095832e-06,,,,,,,,0.014616264030337334,0.0020849958527833223,0.0302443727850914,-0.04701516777276993,-0.028168795630335808,,,,,,,,,,,,,,,,,,,,,,,,,,,,,70.04967498779297,36.6464729309082,13.314981460571289,21.734607696533203,0.0,141.74574279785156,96.09588623046875,128.1278533935547,,,,0.9484952688217163,0.0,,,,,,132.25429225,20.279235956,65.359076352,34.192583994,12.423395943,0.0,0.0,0.0,0.0082504641,0.0082504641,0.0,0.0005213697,93.851279451,125.13503927,0.0,0.0,0.0,0.0,0.0,0.0,13.0,0.0,0.0,0.75,0.75,0.0,0.0,99.0,1.0,99.0,999.0,0.0,1.0,0.0,999.0,0.0,0.0,0.0,0.0,999.0,0.0,0.0,0.0,0.0,0.0,0.0,0.0,0.0,1.0,7.0,2014.0,12.0,2024.0,9.0,2071.0,5.0,0.0,0.0,999.0,0.0,27.0,15.0,13.0,1.0,0.0,0.0,0.0,1,1,1,9,,,9,0.9651908278465271,,,,,,,,,,0.0901348888874054,0.09872446954250336,,,,10.0,,0.0,1.1783549785614014,140.56739807128906,0.0,,,0.0,,140.56739807128906,,0.0,,0.0,,,,,-0.0,,0.0,,-4.454670429229736,,-0.0058988905511796474,,-0.0495755635201931,,0.09331343322992325,,,,,,,,,,,,,,,,,,,,,,,,
6.166876119095832e-06,,,,,,,,0.0025659173261374235,0.0021116305142641068,-0.006331201177090406,0.04819974675774574,0.013231099583208561,,,,,,,,,,,,,,,,,,,,,,,,,,,,,72.29307556152344,37.82010269165039,13.741403579711914,22.430675506591797,0.0,146.28526306152344,96.97965240478516,129.30621337890625,,,,0.9320885539054871,0.0,,,,,,132.25429225,20.279235956,65.359076352,34.192583994,12.423395943,0.0,0.0,0.0,0.0082504641,0.0082504641,0.0,0.0005213697,93.851279451,125.13503927,0.0,0.0,0.0,0.0,0.0,0.0,13.0,0.0,0.0,0.75,0.75,0.0,0.0,99.0,1.0,99.0,999.0,0.0,1.0,0.0,999.0,0.0,0.0,0.0,0.0,999.0,0.0,0.0,0.0,0.0,0.0,0.0,0.0,0.0,1.0,7.0,2014.0,12.0,2024.0,9.0,2071.0,5.0,0.0,0.0,999.0,0.0,27.0,15.0,13.0,1.0,0.0,0.0,0.0,1,1,1,10,,,10,0.9484952688217163,,,,,,,,,,0.09013485908508301,0.09872446209192276,,,,10.0,,0.0,1.1783549785614014,145.10690307617188,0.0,,,0.0,,145.10690307617188,,0.0,,0.0,,,,,-0.0,,0.0,,-4.377614974975586,,-0.005984058603644371,,-0.050291333347558975,,0.0946606919169426,,,,,,,,,,,,,,,,,,,,,,,,
6.166876119095832e-06,,,,,,,,0.018235987052321434,0.005132955498993397,-0.07945246994495392,-0.007219431921839714,0.0527411587536335,,,,,,,,,,,,,,,,,,,,,,,,,,,,,71.71371459960938,37.51701354980469,13.631280899047852,22.250917434692383,0.0,145.11294555664062,97.86341857910156,130.48455810546875,,,,0.9159656167030334,0.0,,,,,,132.25429225,20.279235956,65.359076352,34.192583994,12.423395943,0.0,0.0,0.0,0.0082504641,0.0082504641,0.0,0.0005213697,93.851279451,125.13503927,0.0,0.0,0.0,0.0,0.0,0.0,13.0,0.0,0.0,0.75,0.75,0.0,0.0,99.0,1.0,99.0,999.0,0.0,1.0,0.0,999.0,0.0,0.0,0.0,0.0,999.0,0.0,0.0,0.0,0.0,0.0,0.0,0.0,0.0,1.0,7.0,2014.0,12.0,2024.0,9.0,2071.0,5.0,0.0,0.0,999.0,0.0,27.0,15.0,13.0,1.0,0.0,0.0,0.0,1,1,1,11,,,11,0.9320885539054871,,,,,,,,,,0.09013483673334122,0.09872445464134216,,,,10.0,,0.0,1.1783549785614014,143.93458557128906,0.0,,,0.0,,143.93458557128906,,0.0,,0.0,,,,,-0.0,,0.0,,-4.3018927574157715,,-0.0058330390602350235,,-0.0490221343934536,,0.09227175265550613,,,,,,,,,,,,,,,,,,,,,,,,
6.166876119095832e-06,,,,,,,,0.01350165531039238,0.002004314912483096,0.12232216447591782,0.02188551425933838,0.05709591135382652,,,,,,,,,,,,,,,,,,,,,,,,,,,,,75.98612976074219,39.75212478637695,14.443377494812012,23.576536178588867,0.0,153.7581787109375,98.74718475341797,131.6629180908203,,,,0.900895893573761,0.0,,,,,,132.25429225,20.279235956,65.359076352,34.192583994,12.423395943,0.0,0.0,0.0,0.0082504641,0.0082504641,0.0,0.0005213697,93.851279451,125.13503927,0.0,0.0,0.0,0.0,0.0,0.0,13.0,0.0,0.0,0.75,0.75,0.0,0.0,99.0,1.0,99.0,999.0,0.0,1.0,0.0,999.0,0.0,0.0,0.0,0.0,999.0,0.0,0.0,0.0,0.0,0.0,0.0,0.0,0.0,1.0,7.0,2014.0,12.0,2024.0,9.0,2071.0,5.0,0.0,0.0,999.0,0.0,27.0,15.0,13.0,1.0,0.0,0.0,0.0,1,1,1,12,,,12,0.9159656167030334,,,,,,,,,,0.09013466536998749,0.09031221270561218,,,,11.0,,0.0,1.1783549785614014,152.57981872558594,0.0,,,0.0,,152.57981872558594,,0.0,,0.0,,,,,-0.0,,0.0,,-4.227480411529541,,-0.006076435092836618,,-0.05106768757104874,,0.09612198173999786,,,,,,,,,,,,,,,,,,,,,,,,
1.0417264093121048e-05,,,,,,,,0.021798769012093544,0.0015771094476804137,0.04179598018527031,0.04451242461800575,0.0569467768073082,,,,,,,,,,,,,,,,,,,,,,,,,,,,,79.7368392944336,41.71430587768555,15.1563081741333,24.740283966064453,0.0,161.34774780273438,99.6309585571289,132.84127807617188,,,,0.8860702514648438,0.0,,,,,,132.25429225,20.279235956,65.359076352,34.192583994,12.423395943,0.0,0.0,0.0,0.0082504641,0.0082504641,0.0,0.0005213697,93.851279451,125.13503927,0.0,0.0,0.0,0.0,0.0,0.0,13.0,0.0,0.0,0.75,0.75,0.0,0.0,99.0,1.0,99.0,999.0,0.0,1.0,0.0,999.0,0.0,0.0,0.0,0.0,999.0,0.0,0.0,0.0,0.0,0.0,0.0,0.0,0.0,1.0,7.0,2014.0,12.0,2024.0,9.0,2071.0,5.0,0.0,0.0,999.0,0.0,27.0,15.0,13.0,1.0,0.0,0.0,0.0,1,1,2,1,,,1,0.900895893573761,,,,,,,,,,0.09013418853282928,0.0903126522898674,,,,11.0,,0.0,1.1783549785614014,160.1693878173828,0.0,,,0.0,,160.1693878173828,,0.0,,0.0,,,,,-0.0,,0.0,,-9.607930183410645,,-0.00627374229952693,,-0.052725899964571,,0.0992431491613388,,,,,,,,,,,,,,,,,,,,,,,,
1.0417264093121048e-05,,,,,,,,-0.017795775085687637,0.002266122028231621,-0.028079532086849213,0.01879686489701271,0.057061851024627686,,,,,,,,,,,,,,,,,,,,,,,,,,,,,80.6651611328125,42.19995880126953,15.332762718200684,25.028318405151367,0.0,163.22621154785156,100.51472473144531,134.01962280273438,,,,0.871488630771637,0.0,,,,,,132.25429225,20.279235956,65.359076352,34.192583994,12.423395943,0.0,0.0,0.0,0.0082504641,0.0082504641,0.0,0.0005213697,93.851279451,125.13503927,0.0,0.0,0.0,0.0,0.0,0.0,13.0,0.0,0.0,0.75,0.75,0.0,0.0,99.0,1.0,99.0,999.0,0.0,1.0,0.0,999.0,0.0,0.0,0.0,0.0,999.0,0.0,0.0,0.0,0.0,0.0,0.0,0.0,0.0,1.0,7.0,2014.0,12.0,2024.0,9.0,2071.0,5.0,0.0,0.0,999.0,0.0,27.0,15.0,13.0,1.0,0.0,0.0,0.0,1,1,2,2,,,2,0.8860702514648438,,,,,,,,,,0.09013395756483078,0.09031286835670471,,,,11.0,,0.0,1.1783549785614014,162.0478515625,0.0,,,0.0,,162.0478515625,,0.0,,0.0,,,,,-0.0,,0.0,,-9.449816703796387,,-0.006242865696549416,,-0.05246640741825104,,0.09875471889972687,,,,,,,,,,,,,,,,,,,,,,,,
1.0417264093121048e-05,,,,,,,,0.025882447138428688,0.005147423129528761,-0.05014050751924515,0.05758577585220337,0.05580200254917145,,,,,,,,,,,,,,,,,,,,,,,,,,,,,83.29286193847656,43.574642181396484,15.832234382629395,25.843626022338867,0.0,168.5433807373047,101.39849090576172,135.19798278808594,,,,0.8571469783782959,0.0,,,,,,132.25429225,20.279235956,65.359076352,34.192583994,12.423395943,0.0,0.0,0.0,0.0082504641,0.0082504641,0.0,0.0005213697,93.851279451,125.13503927,0.0,0.0,0.0,0.0,0.0,0.0,13.0,0.0,0.0,0.75,0.75,0.0,0.0,99.0,1.0,99.0,999.0,0.0,1.0,0.0,999.0,0.0,0.0,0.0,0.0,999.0,0.0,0.0,0.0,0.0,0.0,0.0,0.0,0.0,1.0,7.0,2014.0,12.0,2024.0,9.0,2071.0,5.0,0.0,0.0,999.0,0.0,27.0,15.0,13.0,1.0,0.0,0.0,0.0,1,1,2,3,,,3,0.871488630771637,,,,,,,,,,0.09013380855321884,0.09031300246715546,,,,11.0,,0.0,1.1783549785614014,167.36502075195312,0.0,,,0.0,,167.36502075195312,,0.0,,0.0,,,,,-0.0,,0.0,,-9.294305801391602,,-0.006341602187603712,,-0.05329620838165283,,0.1003166139125824,,,,,,,,,,,,,,,,,,,,,,,,
1.0417264093121048e-05,,,,,,,,-0.02999589778482914,0.003243999322876334,-0.009303757920861244,-0.0002978080010507256,0.02988641895353794,,,,,,,,,,,,,,,,,,,,,,,,,,,,,83.46646118164062,43.66545867919922,15.865232467651367,25.897491455078125,0.0,168.8946533203125,102.28225708007812,136.3763427734375,,,,0.8430413603782654,0.0,,,,,,132.25429225,20.279235956,65.359076352,34.192583994,12.423395943,0.0,0.0,0.0,0.0082504641,0.0082504641,0.0,0.0005213697,93.851279451,125.13503927,0.0,0.0,0.0,0.0,0.0,0.0,13.0,0.0,0.0,0.75,0.75,0.0,0.0,99.0,1.0,99.0,999.0,0.0,1.0,0.0,999.0,0.0,0.0,0.0,0.0,999.0,0.0,0.0,0.0,0.0,0.0,0.0,0.0,0.0,1.0,7.0,2014.0,12.0,2024.0,9.0,2071.0,5.0,0.0,0.0,999.0,0.0,27.0,15.0,13.0,1.0,0.0,0.0,0.0,1,1,2,4,,,4,0.8571469783782959,,,,,,,,,,0.09013371914625168,0.09031309187412262,,,,11.0,,0.0,1.1783549785614014,167.71630859375,0.0,,,0.0,,167.71630859375,,0.0,,0.0,,,,,-0.0,,0.0,,-9.14135456085205,,-0.0062503330409526825,,-0.05252916365861893,,0.0988728404045105,,,,,,,,,,,,,,,,,,,,,,,,
1.0417264093121048e-05,,,,,,,,-0.0028489739634096622,0.005227245390415192,-0.04016042873263359,-0.023229816928505898,-0.03863199055194855,,,,,,,,,,,,,,,,,,,,,,,,,,,,,81.86275482177734,42.826480865478516,15.56040096282959,25.399900436401367,0.0,165.64955139160156,103.16602325439453,137.5546875,,,,0.8291678428649902,0.0,,,,,,132.25429225,20.279235956,65.359076352,34.192583994,12.423395943,0.0,0.0,0.0,0.0082504641,0.0082504641,0.0,0.0005213697,93.851279451,125.13503927,0.0,0.0,0.0,0.0,0.0,0.0,13.0,0.0,0.0,0.75,0.75,0.0,0.0,99.0,1.0,99.0,999.0,0.0,1.0,0.0,999.0,0.0,0.0,0.0,0.0,999.0,0.0,0.0,0.0,0.0,0.0,0.0,0.0,0.0,1.0,7.0,2014.0,12.0,2024.0,9.0,2071.0,5.0,0.0,0.0,999.0,0.0,27.0,15.0,13.0,1.0,0.0,0.0,0.0,1,1,2,5,,,5,0.8430413603782654,,,,,,,,,,0.0901339128613472,0.0903129056096077,,,,11.0,,0.0,1.1783549785614014,164.47119140625,0.0,,,0.0,,164.47119140625,,0.0,,0.0,,,,,-0.0,,0.0,,-8.99091911315918,,-0.006028527859598398,,-0.05066506564617157,,0.09536415338516235,,,,,,,,,,,,,,,,,,,,,,,,
1.500123744335724e-05,,,,,,,,0.011591748334467411,0.0059526460245251656,0.019578928127884865,-0.004469950217753649,-0.018697479739785194,,,,,,,,,,,,,,,,,,,,,,,,,,,,,82.6305923461914,43.228172302246094,15.706350326538086,25.638139724731445,0.0,167.20326232910156,104.04978942871094,138.73304748535156,,,,0.8155189156532288,0.0,,,,,,132.25429225,20.279235956,65.359076352,34.192583994,12.423395943,0.0,0.0,0.0,0.0082504641,0.0082504641,0.0,0.0005213697,93.851279451,125.13503927,0.0,0.0,0.0,0.0,0.0,0.0,13.0,0.0,0.0,0.75,0.75,0.0,0.0,99.0,1.0,99.0,999.0,0.0,1.0,0.0,999.0,0.0,0.0,0.0,0.0,999.0,0.0,0.0,0.0,0.0,0.0,0.0,0.0,0.0,1.0,7.0,2014.0,12.0,2024.0,9.0,2071.0,5.0,0.0,0.0,999.0,0.0,27.0,15.0,13.0,1.0,0.0,0.0,0.0,1,1,2,6,,,6,0.8291678428649902,,,,,,,,,,0.09013406932353973,0.09031276404857635,,,,11.0,,0.0,1.1783549785614014,166.02490234375,0.0,,,0.0,,166.02490234375,,0.0,,0.0,,,,,-0.0,,0.0,,-8.842960357666016,,-0.005985332187265158,,-0.050302039831876755,,0.09468084573745728,,,,,,,,,,,,,,,,,,,,,,,,
1.500123744335724e-05,,,,,,,,-0.008081508800387383,0.0041323695331811905,-0.044335782527923584,0.00787143874913454,-0.008458659052848816,,,,,,,,,,,,,,,,,,,,,,,,,,,,,82.38553619384766,43.0999755859375,15.659770965576172,25.56210708618164,0.0,166.7073974609375,104.93355560302734,139.91140747070312,,,,0.8020946383476257,0.0,,,,,,132.25429225,20.279235956,65.359076352,34.192583994,12.423395943,0.0,0.0,0.0,0.0082504641,0.0082504641,0.0,0.0005213697,93.851279451,125.13503927,0.0,0.0,0.0,0.0,0.0,0.0,13.0,0.0,0.0,0.75,0.75,0.0,0.0,99.0,1.0,99.0,999.0,0.0,1.0,0.0,999.0,0.0,0.0,0.0,0.0,999.0,0.0,0.0,0.0,0.0,0.0,0.0,0.0,0.0,1.0,7.0,2014.0,12.0,2024.0,9.0,2071.0,5.0,0.0,0.0,999.0,0.0,27.0,15.0,13.0,1.0,0.0,0.0,0.0,1,1,2,7,,,7,0.8155189156532288,,,,,,,,,,0.09013412892818451,0.09031271189451218,,,,11.0,,0.0,1.1783549785614014,165.529052734375,0.0,,,0.0,,165.529052734375,,0.0,,0.0,,,,,-0.0,,0.0,,-8.697396278381348,,-0.005869225598871708,,-0.04932625591754913,,0.0928441733121872,,,,,,,,,,,,,,,,,,,,,,,,
1.500123744335724e-05,,,,,,,,0.004836052656173706,0.003018550807610154,0.06407832354307175,0.04470618814229965,0.06381861865520477,,,,,,,,,,,,,,,,,,,,,,,,,,,,,86.75083923339844,45.3836784362793,16.48952293395996,26.916547775268555,0.0,175.5406036376953,105.81732177734375,141.08975219726562,,,,0.7888913154602051,0.0,,,,,,132.25429225,20.279235956,65.359076352,34.192583994,12.423395943,0.0,0.0,0.0,0.0082504641,0.0082504641,0.0,0.0005213697,93.851279451,125.13503927,0.0,0.0,0.0,0.0,0.0,0.0,13.0,0.0,0.0,0.75,0.75,0.0,0.0,99.0,1.0,99.0,999.0,0.0,1.0,0.0,999.0,0.0,0.0,0.0,0.0,999.0,0.0,0.0,0.0,0.0,0.0,0.0,0.0,0.0,1.0,7.0,2014.0,12.0,2024.0,9.0,2071.0,5.0,0.0,0.0,999.0,0.0,27.0,15.0,13.0,1.0,0.0,0.0,0.0,1,1,2,8,,,8,0.8020946383476257,,,,,,,,,,0.09013394266366959,0.09031287580728531,,,,11.0,,0.0,1.1783549785614014,174.36224365234375,0.0,,,0.0,,174.36224365234375,,0.0,,0.0,,,,,-0.0,,0.0,,-8.554228782653809,,-0.0060806586407125,,-0.05110318213701248,,0.09618879854679108,,,,,,,,,,,,,,,,,,,,,,,,
1.500123744335724e-05,,,,,,,,-0.0035890550352633,0.0022755225654691458,0.1276901513338089,0.040181685239076614,0.08654574304819107,,,,,,,,,,,,,,,,,,,,,,,,,,,,,92.70942687988281,48.50091552734375,17.622127532958984,28.765344619750977,0.0,187.5978240966797,106.60723114013672,142.14297485351562,,,,0.777915358543396,0.0,,,,,,132.25429225,20.279235956,65.359076352,34.192583994,12.423395943,0.0,0.0,0.0,0.0082504641,0.0082504641,0.0,0.0005213697,93.851279451,125.13503927,0.0,0.0,0.0,0.0,0.0,0.0,13.0,0.0,0.0,0.75,0.75,0.0,0.0,99.0,1.0,99.0,999.0,0.0,1.0,0.0,999.0,0.0,0.0,0.0,0.0,999.0,0.0,0.0,0.0,0.0,0.0,0.0,0.0,0.0,1.0,7.0,2014.0,12.0,2024.0,9.0,2071.0,5.0,0.0,0.0,999.0,0.0,27.0,15.0,13.0,1.0,0.0,0.0,0.0,1,1,2,9,,,9,0.7888913154602051,,,,,,,,,,0.06429092586040497,0.09031342715024948,,,,11.0,,0.0,1.0532199144363403,186.5446014404297,0.0,,,0.0,,186.5446014404297,,0.0,,0.0,,,,,-0.0,,0.0,,-8.413416862487793,,-0.00639841565862298,,-0.05288977175951004,,0.10121533274650574,,,,,,,,,,,,,,,,,,,,,,,,
1.500123744335724e-05,,,,,,,,-0.002062880899757147,0.004653135780245066,0.04472208023071289,-0.07873126864433289,-0.02247815579175949,,,,,,,,,,,,,,,,,,,,,,,,,,,,,90.57254791259766,47.38300323486328,17.21595001220703,28.102325439453125,0.0,183.27383422851562,107.39714813232422,143.19619750976562,,,,0.7670920491218567,0.0,,,,,,132.25429225,20.279235956,65.359076352,34.192583994,12.423395943,0.0,0.0,0.0,0.0082504641,0.0082504641,0.0,0.0005213697,93.851279451,125.13503927,0.0,0.0,0.0,0.0,0.0,0.0,13.0,0.0,0.0,0.75,0.75,0.0,0.0,99.0,1.0,99.0,999.0,0.0,1.0,0.0,999.0,0.0,0.0,0.0,0.0,999.0,0.0,0.0,0.0,0.0,0.0,0.0,0.0,0.0,1.0,7.0,2014.0,12.0,2024.0,9.0,2071.0,5.0,0.0,0.0,999.0,0.0,27.0,15.0,13.0,1.0,0.0,0.0,0.0,1,1,2,10,,,10,0.777915358543396,,,,,,,,,,0.0642913207411766,0.09031358361244202,,,,11.0,,0.0,1.0532199144363403,182.22061157226562,0.0,,,0.0,,182.22061157226562,,0.0,,0.0,,,,,-0.0,,0.0,,-8.29636001586914,,-0.006163145415484905,,-0.050945013761520386,,0.09749364107847214,,,,,,,,,,,,,,,,,,,,,,,,
1.500123744335724e-05,,,,,,,,-0.001377466949634254,0.000338893587468192,0.04962752386927605,0.027008816599845886,0.04068733751773834,,,,,,,,,,,,,,,,,,,,,,,,,,,,,93.77989196777344,49.0609245300293,17.825599670410156,29.09748077392578,0.0,189.763916015625,108.18706512451172,144.24942016601562,,,,0.75641930103302,0.0,,,,,,132.25429225,20.279235956,65.359076352,34.192583994,12.423395943,0.0,0.0,0.0,0.0082504641,0.0082504641,0.0,0.0005213697,93.851279451,125.13503927,0.0,0.0,0.0,0.0,0.0,0.0,13.0,0.0,0.0,0.75,0.75,0.0,0.0,99.0,1.0,99.0,999.0,0.0,1.0,0.0,999.0,0.0,0.0,0.0,0.0,999.0,0.0,0.0,0.0,0.0,0.0,0.0,0.0,0.0,1.0,7.0,2014.0,12.0,2024.0,9.0,2071.0,5.0,0.0,0.0,999.0,0.0,27.0,15.0,13.0,1.0,0.0,0.0,0.0,1,1,2,11,,,11,0.7670920491218567,,,,,,,,,,0.06429127603769302,0.09031356126070023,,,,11.0,,0.0,1.0532199144363403,188.710693359375,0.0,,,0.0,,188.710693359375,,0.0,,0.0,,,,,-0.0,,0.0,,-8.180930137634277,,-0.006293851882219315,,-0.0520254448056221,,0.09956125915050507,,,,,,,,,,,,,,,,,,,,,,,,
1.500123744335724e-05,,,,,,,,-0.026327984407544136,-0.0009250459843315184,0.0327126681804657,-0.0069516971707344055,-0.02805374190211296,,,,,,,,,,,,,,,,,,,,,,,,,,,,,94.10385131835938,49.23040771484375,17.887178421020508,29.197998046875,0.0,190.41944885253906,108.97697448730469,145.30264282226562,,,,0.7446975111961365,0.0,,,,,,132.25429225,20.279235956,65.359076352,34.192583994,12.423395943,0.0,0.0,0.0,0.0082504641,0.0082504641,0.0,0.0005213697,93.851279451,125.13503927,0.0,0.0,0.0,0.0,0.0,0.0,13.0,0.0,0.0,0.75,0.75,0.0,0.0,99.0,1.0,99.0,999.0,0.0,1.0,0.0,999.0,0.0,0.0,0.0,0.0,999.0,0.0,0.0,0.0,0.0,0.0,0.0,0.0,0.0,1.0,7.0,2014.0,12.0,2024.0,9.0,2071.0,5.0,0.0,0.0,999.0,0.0,27.0,15.0,13.0,1.0,0.0,0.0,0.0,1,1,2,12,,,12,0.75641930103302,,,,,,,,,,0.06429161876440048,0.10645773261785507,,,,12.0,,0.0,1.0532199144363403,189.36622619628906,0.0,,,0.0,,189.36622619628906,,0.0,,0.0,,,,,-0.0,,0.0,,-8.067107200622559,,-0.006227843463420868,,-0.05147981271147728,,0.09851709008216858,,,,,,,,,,,,,,,,,,,,,,,,
1.283423898712499e-05,,,,,,,,-0.017405234277248383,0.0007148704025894403,-0.130985289812088,-0.05461816489696503,-0.022760305553674698,,,,,,,,,,,,,,,,,,,,,,,,,,,,,88.65701293945312,46.380897521972656,16.851848602294922,27.507986068725586,0.0,179.3977508544922,109.76689147949219,146.35585021972656,,,,0.733159065246582,0.0,,,,,,132.25429225,20.279235956,65.359076352,34.192583994,12.423395943,0.0,0.0,0.0,0.0082504641,0.0082504641,0.0,0.0005213697,93.851279451,125.13503927,0.0,0.0,0.0,0.0,0.0,0.0,13.0,0.0,0.0,0.75,0.75,0.0,0.0,99.0,1.0,99.0,999.0,0.0,1.0,0.0,999.0,0.0,0.0,0.0,0.0,999.0,0.0,0.0,0.0,0.0,0.0,0.0,0.0,0.0,1.0,7.0,2014.0,12.0,2024.0,9.0,2071.0,5.0,0.0,0.0,999.0,0.0,27.0,15.0,13.0,1.0,0.0,0.0,0.0,1,1,3,1,,,1,0.7446975111961365,,,,,,,,,,0.0642906054854393,0.10645745694637299,,,,12.0,,0.0,1.0532199144363403,178.34454345703125,0.0,,,0.0,,178.34454345703125,,0.0,,0.0,,,,,-0.0,,0.0,,-10.588223457336426,,-0.0057744719088077545,,-0.04773220792412758,,0.09134528785943985,,,,,,,,,,,,,,,,,,,,,,,,
1.283423898712499e-05,,,,,,,,-0.01606011390686035,0.0031379058491438627,0.07972531020641327,0.03395158797502518,0.05830669403076172,,,,,,,,,,,,,,,,,,,,,,,,,,,,,92.81275939941406,48.554969787597656,17.641767501831055,28.797405242919922,0.0,187.80691528320312,110.55680847167969,147.40907287597656,,,,0.7217994332313538,0.0,,,,,,132.25429225,20.279235956,65.359076352,34.192583994,12.423395943,0.0,0.0,0.0,0.0082504641,0.0082504641,0.0,0.0005213697,93.851279451,125.13503927,0.0,0.0,0.0,0.0,0.0,0.0,13.0,0.0,0.0,0.75,0.75,0.0,0.0,99.0,1.0,99.0,999.0,0.0,1.0,0.0,999.0,0.0,0.0,0.0,0.0,999.0,0.0,0.0,0.0,0.0,0.0,0.0,0.0,0.0,1.0,7.0,2014.0,12.0,2024.0,9.0,2071.0,5.0,0.0,0.0,999.0,0.0,27.0,15.0,13.0,1.0,0.0,0.0,0.0,1,1,3,2,,,2,0.733159065246582,,,,,,,,,,0.06429020315408707,0.10645734518766403,,,,12.0,,0.0,1.0532199144363403,186.75369262695312,0.0,,,0.0,,186.75369262695312,,0.0,,0.0,,,,,-0.0,,0.0,,-10.424168586730957,,-0.005953055806457996,,-0.049208395183086395,,0.09417027235031128,,,,,,,,,,,,,,,,,,,,,,,,
1.283423898712499e-05,,,,,,,,-0.0010392110561951995,0.00012817600509151816,-0.047800224274396896,-0.028214048594236374,-0.02483411319553852,,,,,,,,,,,,,,,,,,,,,,,,,,,,,90.64659881591797,47.42174530029297,17.230026245117188,28.125301361083984,0.0,183.42369079589844,111.34672546386719,148.46229553222656,,,,0.7106157541275024,0.0,,,,,,132.25429225,20.279235956,65.359076352,34.192583994,12.423395943,0.0,0.0,0.0,0.0082504641,0.0082504641,0.0,0.0005213697,93.851279451,125.13503927,0.0,0.0,0.0,0.0,0.0,0.0,13.0,0.0,0.0,0.75,0.75,0.0,0.0,99.0,1.0,99.0,999.0,0.0,1.0,0.0,999.0,0.0,0.0,0.0,0.0,999.0,0.0,0.0,0.0,0.0,0.0,0.0,0.0,0.0,1.0,7.0,2014.0,12.0,2024.0,9.0,2071.0,5.0,0.0,0.0,999.0,0.0,27.0,15.0,13.0,1.0,0.0,0.0,0.0,1,1,3,3,,,3,0.7217994332313538,,,,,,,,,,0.06429030746221542,0.10645737498998642,,,,12.0,,0.0,1.0532199144363403,182.37046813964844,0.0,,,0.0,,182.37046813964844,,0.0,,0.0,,,,,-0.0,,0.0,,-10.262655258178711,,-0.0057232617400586605,,-0.04730889946222305,,0.09053520113229752,,,,,,,,,,,,,,,,,,,,,,,,
1.283423898712499e-05,,,,,,,,0.011308356188237667,0.0027246964164078236,-0.01931547001004219,-0.03469268977642059,-0.007208296097815037,,,,,,,,,,,,,,,,,,,,,,,,,,,,,89.2271957397461,46.67918395996094,16.96022605895996,27.68489646911621,0.0,180.551513671875,112.13663482666016,149.51551818847656,,,,0.6996054649353027,0.0,,,,,,132.25429225,20.279235956,65.359076352,34.192583994,12.423395943,0.0,0.0,0.0,0.0082504641,0.0082504641,0.0,0.0005213697,93.851279451,125.13503927,0.0,0.0,0.0,0.0,0.0,0.0,13.0,0.0,0.0,0.75,0.75,0.0,0.0,99.0,1.0,99.0,999.0,0.0,1.0,0.0,999.0,0.0,0.0,0.0,0.0,999.0,0.0,0.0,0.0,0.0,0.0,0.0,0.0,0.0,1.0,7.0,2014.0,12.0,2024.0,9.0,2071.0,5.0,0.0,0.0,999.0,0.0,27.0,15.0,13.0,1.0,0.0,0.0,0.0,1,1,3,4,,,4,0.7106157541275024,,,,,,,,,,0.06428955495357513,0.1064571663737297,,,,12.0,,0.0,1.0532199144363403,179.498291015625,0.0,,,0.0,,179.498291015625,,0.0,,0.0,,,,,-0.0,,0.0,,-10.103644371032715,,-0.005545844789594412,,-0.04584236070513725,,0.08772867918014526,,,,,,,,,,,,,,,,,,,,,,,,
1.283423898712499e-05,,,,,,,,-0.005083365831524134,0.0031619092915207148,-0.10512444376945496,-0.043269481509923935,-0.07901160418987274,,,,,,,,,,,,,,,,,,,,,,,,,,,,,84.8143310546875,44.3705940246582,16.12143325805664,26.315698623657227,0.0,171.6220703125,112.92655181884766,150.56874084472656,,,,0.6887658834457397,0.0,,,,,,132.25429225,20.279235956,65.359076352,34.192583994,12.423395943,0.0,0.0,0.0,0.0082504641,0.0082504641,0.0,0.0005213697,93.851279451,125.13503927,0.0,0.0,0.0,0.0,0.0,0.0,13.0,0.0,0.0,0.75,0.75,0.0,0.0,99.0,1.0,99.0,999.0,0.0,1.0,0.0,999.0,0.0,0.0,0.0,0.0,999.0,0.0,0.0,0.0,0.0,0.0,0.0,0.0,0.0,1.0,7.0,2014.0,12.0,2024.0,9.0,2071.0,5.0,0.0,0.0,999.0,0.0,27.0,15.0,13.0,1.0,0.0,0.0,0.0,1,1,3,5,,,5,0.6996054649353027,,,,,,,,,,0.06428847461938858,0.10645686835050583,,,,12.0,,0.0,1.0532199144363403,170.56884765625,0.0,,,0.0,,170.56884765625,,0.0,,0.0,,,,,-0.0,,0.0,,-9.947098731994629,,-0.005188304930925369,,-0.04288690909743309,,0.08207281678915024,,,,,,,,,,,,,,,,,,,,,,,,
8.917104423744604e-06,,,,,,,,-0.014023556374013424,0.0037584418896585703,0.013156543485820293,-0.07979276776313782,-0.09975172579288483,,,,,,,,,,,,,,,,,,,,,,,,,,,,,81.41756439208984,42.59357833862305,15.47577953338623,25.261770248413086,0.0,164.7487030029297,113.71646881103516,151.62196350097656,,,,0.6780970096588135,0.0,,,,,,132.25429225,20.279235956,65.359076352,34.192583994,12.423395943,0.0,0.0,0.0,0.0082504641,0.0082504641,0.0,0.0005213697,93.851279451,125.13503927,0.0,0.0,0.0,0.0,0.0,0.0,13.0,0.0,0.0,0.75,0.75,0.0,0.0,99.0,1.0,99.0,999.0,0.0,1.0,0.0,999.0,0.0,0.0,0.0,0.0,999.0,0.0,0.0,0.0,0.0,0.0,0.0,0.0,0.0,1.0,7.0,2014.0,12.0,2024.0,9.0,2071.0,5.0,0.0,0.0,999.0,0.0,27.0,15.0,13.0,1.0,0.0,0.0,0.0,1,1,3,6,,,6,0.6887658834457397,,,,,,,,,,0.06428711116313934,0.10645649582147598,,,,12.0,,0.0,1.0532199144363403,163.6954803466797,0.0,,,0.0,,163.6954803466797,,0.0,,0.0,,,,,-0.0,,0.0,,-9.79297924041748,,-0.00490208575502038,,-0.04052099958062172,,0.077545166015625,,,,,,,,,,,,,,,,,,,,,,,,
8.917104423744604e-06,,,,,,,,0.023890620097517967,0.002090883906930685,-0.037172362208366394,0.04269431158900261,0.028321245685219765,,,,,,,,,,,,,,,,,,,,,,,,,,,,,83.38955688476562,43.62522506713867,15.850613594055176,25.873628616333008,0.0,168.73902893066406,114.50638580322266,152.6751708984375,,,,0.6675934195518494,0.0,,,,,,132.25429225,20.279235956,65.359076352,34.192583994,12.423395943,0.0,0.0,0.0,0.0082504641,0.0082504641,0.0,0.0005213697,93.851279451,125.13503927,0.0,0.0,0.0,0.0,0.0,0.0,13.0,0.0,0.0,0.75,0.75,0.0,0.0,99.0,1.0,99.0,999.0,0.0,1.0,0.0,999.0,0.0,0.0,0.0,0.0,999.0,0.0,0.0,0.0,0.0,0.0,0.0,0.0,0.0,1.0,7.0,2014.0,12.0,2024.0,9.0,2071.0,5.0,0.0,0.0,999.0,0.0,27.0,15.0,13.0,1.0,0.0,0.0,0.0,1,1,3,7,,,7,0.6780970096588135,,,,,,,,,,0.0642867311835289,0.10645639151334763,,,,12.0,,0.0,1.0532199144363403,167.68580627441406,0.0,,,0.0,,167.68580627441406,,0.0,,0.0,,,,,-0.0,,0.0,,-9.641286849975586,,-0.004943797830492258,,-0.04086579382419586,,0.07820500433444977,,,,,,,,,,,,,,,,,,,,,,,,
8.917104423744604e-06,,,,,,,,0.019604209810495377,-0.0005566130275838077,0.06174445524811745,0.0748414471745491,0.13574492931365967,,,,,,,,,,,,,,,,,,,,,,,,,,,,,89.81636810302734,46.98740768432617,17.072216033935547,27.86770248413086,0.0,181.7436981201172,115.29629516601562,153.7283935546875,,,,0.6572524309158325,0.0,,,,,,132.25429225,20.279235956,65.359076352,34.192583994,12.423395943,0.0,0.0,0.0,0.0082504641,0.0082504641,0.0,0.0005213697,93.851279451,125.13503927,0.0,0.0,0.0,0.0,0.0,0.0,13.0,0.0,0.0,0.75,0.75,0.0,0.0,99.0,1.0,99.0,999.0,0.0,1.0,0.0,999.0,0.0,0.0,0.0,0.0,999.0,0.0,0.0,0.0,0.0,0.0,0.0,0.0,0.0,1.0,7.0,2014.0,12.0,2024.0,9.0,2071.0,5.0,0.0,0.0,999.0,0.0,27.0,15.0,13.0,1.0,0.0,0.0,0.0,1,1,3,8,,,8,0.6675934195518494,,,,,,,,,,0.06428781151771545,0.1064566820859909,,,,12.0,,0.0,1.0532199144363403,180.69049072265625,0.0,,,0.0,,180.69049072265625,,0.0,,0.0,,,,,-0.0,,0.0,,-9.491945266723633,,-0.005244690924882889,,-0.04335299879312515,,0.08296477794647217,,,,,,,,,,,,,,,,,,,,,,,,
8.917104423744604e-06,,,,,,,,-0.007609514053910971,0.003505223896354437,-0.04002751410007477,-0.08748596161603928,-0.055694226175546646,,,,,,,,,,,,,,,,,,,,,,,,,,,,,84.78904724121094,44.35736846923828,16.116626739501953,26.30785369873047,0.0,171.57090759277344,115.63259887695312,154.1768035888672,,,,0.6468333601951599,0.0,,,,,,132.25429225,20.279235956,65.359076352,34.192583994,12.423395943,0.0,0.0,0.0,0.0082504641,0.0082504641,0.0,0.0005213697,93.851279451,125.13503927,0.0,0.0,0.0,0.0,0.0,0.0,13.0,0.0,0.0,0.75,0.75,0.0,0.0,99.0,1.0,99.0,999.0,0.0,1.0,0.0,999.0,0.0,0.0,0.0,0.0,999.0,0.0,0.0,0.0,0.0,0.0,0.0,0.0,0.0,1.0,7.0,2014.0,12.0,2024.0,9.0,2071.0,5.0,0.0,0.0,999.0,0.0,27.0,15.0,13.0,1.0,0.0,0.0,0.0,1,1,3,9,,,9,0.6572524309158325,,,,,,,,,,0.06794426590204239,0.1064567044377327,,,,12.0,,0.0,0.4484005868434906,171.1225128173828,0.0,,,0.0,,171.1225128173828,,0.0,,0.0,,,,,-0.0,,0.0,,-9.344916343688965,,-0.004890033975243568,,-0.02850640006363392,,0.07735452800989151,,,,,,,,,,,,,,,,,,,,,,,,
8.917104423744604e-06,,,,,,,,-0.01574270986020565,-6.460803888330702e-06,-0.04234014451503754,-0.06978421658277512,-0.05626485124230385,,,,,,,,,,,,,,,,,,,,,,,,,,,,,80.58335876464844,42.15716552734375,15.317214012145996,25.00293731689453,0.0,163.06068420410156,115.9688949584961,154.6251983642578,,,,0.6365795135498047,0.0,,,,,,132.25429225,20.279235956,65.359076352,34.192583994,12.423395943,0.0,0.0,0.0,0.0082504641,0.0082504641,0.0,0.0005213697,93.851279451,125.13503927,0.0,0.0,0.0,0.0,0.0,0.0,13.0,0.0,0.0,0.75,0.75,0.0,0.0,99.0,1.0,99.0,999.0,0.0,1.0,0.0,999.0,0.0,0.0,0.0,0.0,999.0,0.0,0.0,0.0,0.0,0.0,0.0,0.0,0.0,1.0,7.0,2014.0,12.0,2024.0,9.0,2071.0,5.0,0.0,0.0,999.0,0.0,27.0,15.0,13.0,1.0,0.0,0.0,0.0,1,1,3,10,,,10,0.6468333601951599,,,,,,,,,,0.06794423609972,0.10645630955696106,,,,12.0,,0.0,0.4484005868434906,162.61228942871094,0.0,,,0.0,,162.61228942871094,,0.0,,0.0,,,,,-0.0,,0.0,,-9.196776390075684,,-0.004573180340230465,,-0.02665930613875389,,0.07234228402376175,,,,,,,,,,,,,,,,,,,,,,,,
8.917104423744604e-06,,,,,,,,-0.020821595564484596,0.001176094519905746,-0.06881414353847504,-0.03773030638694763,-0.0816839262843132,,,,,,,,,,,,,,,,,,,,,,,,,,,,,77.04374694824219,40.305419921875,14.644408226013184,23.904687881469727,0.0,155.8982696533203,116.3051986694336,155.07359313964844,,,,0.6264882683753967,0.0,,,,,,132.25429225,20.279235956,65.359076352,34.192583994,12.423395943,0.0,0.0,0.0,0.0082504641,0.0082504641,0.0,0.0005213697,93.851279451,125.13503927,0.0,0.0,0.0,0.0,0.0,0.0,13.0,0.0,0.0,0.75,0.75,0.0,0.0,99.0,1.0,99.0,999.0,0.0,1.0,0.0,999.0,0.0,0.0,0.0,0.0,999.0,0.0,0.0,0.0,0.0,0.0,0.0,0.0,0.0,1.0,7.0,2014.0,12.0,2024.0,9.0,2071.0,5.0,0.0,0.0,999.0,0.0,27.0,15.0,13.0,1.0,0.0,0.0,0.0,1,1,3,11,,,11,0.6365795135498047,,,,,,,,,,0.06794420629739761,0.1064559817314148,,,,12.0,,0.0,0.4484005868434906,155.4498748779297,0.0,,,0.0,,155.4498748779297,,0.0,,0.0,,,,,-0.0,,0.0,,-9.050985336303711,,-0.004302447661757469,,-0.025081072002649307,,0.06805960834026337,,,,,,,,,,,,,,,,,,,,,,,,
8.917104423744604e-06,,,,,,,,0.012069382704794407,0.002510723192244768,-0.16255994141101837,0.018679579719901085,-0.04348113015294075,,,,,,,,,,,,,,,,,,,,,,,,,,,,,74.77897644042969,39.12060546875,14.213922500610352,23.201988220214844,0.0,151.3155059814453,116.6415023803711,155.52200317382812,,,,0.6174653768539429,0.0,,,,,,132.25429225,20.279235956,65.359076352,34.192583994,12.423395943,0.0,0.0,0.0,0.0082504641,0.0082504641,0.0,0.0005213697,93.851279451,125.13503927,0.0,0.0,0.0,0.0,0.0,0.0,13.0,0.0,0.0,0.75,0.75,0.0,0.0,99.0,1.0,99.0,999.0,0.0,1.0,0.0,999.0,0.0,0.0,0.0,0.0,999.0,0.0,0.0,0.0,0.0,0.0,0.0,0.0,0.0,1.0,7.0,2014.0,12.0,2024.0,9.0,2071.0,5.0,0.0,0.0,999.0,0.0,27.0,15.0,13.0,1.0,0.0,0.0,0.0,1,1,3,12,,,12,0.6264882683753967,,,,,,,,,,0.06794419139623642,0.09173998981714249,,,,13.0,,0.0,0.4484005868434906,150.8671112060547,0.0,,,0.0,,150.8671112060547,,-2.3499407689087093e-05,,0.0,,,,,-0.0,,0.0,,-8.907505989074707,,-0.004109415225684643,,-0.02395579218864441,,0.0650060698390007,,,,,,,,,,,,,,,,,,,,,,,,
