ID_COMPTE;CHOC_TYPE;CHOC_IDX;RESERVE_BE;CAPITAL_REQ;SCR
1;BASE;0;-33.542973;-35.395973;-1.8530006
1;SP500_SHOCK;1;-33.62802;-35.7781;-2.1500778
1;TSX_SHOCK;2;-33.576214;-35.56931;-1.9930954
1;EAFE_SHOCK;3;-33.55656;-35.46359;-1.9070282
1;DEX_SHOCK;4;-33.58926;-35.548515;-1.9592552
2;BASE;0;-20.245155;-25.821009;-5.5758533
2;SP500_SHOCK;1;-20.78588;-27.33118;-6.5453014
2;TSX_SHOCK;2;-20.299665;-25.977337;-5.6776714
2;EAFE_SHOCK;3;-20.304596;-25.997498;-5.6929016
2;DEX_SHOCK;4;-20.326092;-26.023731;-5.6976395
3;BASE;0;-36.606136;-40.435673;-3.8295364
3;SP500_SHOCK;1;-36.70993;-40.59244;-3.8825111
3;TSX_SHOCK;2;-36.739212;-40.621277;-3.8820648
3;EAFE_SHOCK;3;-36.7013;-40.575264;-3.8739624
3;DEX_SHOCK;4;-36.902775;-40.914574;-4.011799
4;BASE;0;66.09228;10.861806;-55.230473
4;SP500_SHOCK;1;61.99399;8.122796;-53.871197
4;TSX_SHOCK;2;63.04939;8.837888;-54.211502
4;EAFE_SHOCK;3;65.14611;10.228955;-54.917156
4;DEX_SHOCK;4;61.78961;7.9273977;-53.862213
5;BASE;0;-173.9671;-156.34769;17.619415
5;SP500_SHOCK;1;-172.4791;-155.88934;16.589752
5;TSX_SHOCK;2;-172.34476;-155.66505;16.679703
5;EAFE_SHOCK;3;-173.46498;-156.17046;17.294525
5;DEX_SHOCK;4;-172.97061;-156.15437;16.816238
6;BASE;0;-13.6423235;-38.158226;-24.515903
6;SP500_SHOCK;1;-16.405813;-41.39585;-24.990038
6;TSX_SHOCK;2;-15.130157;-39.800877;-24.67072
6;EAFE_SHOCK;3;-13.9023075;-38.45391;-24.551603
6;DEX_SHOCK;4;-14.498595;-39.196323;-24.697727
7;BASE;0;-28.773735;-35.422874;-6.6491394
7;SP500_SHOCK;1;-29.333809;-35.902435;-6.5686264
7;TSX_SHOCK;2;-29.020832;-35.628292;-6.60746
7;EAFE_SHOCK;3;-29.1657;-35.74999;-6.5842876
7;DEX_SHOCK;4;-28.949846;-35.588593;-6.6387463
8;BASE;0;-99.33486;-101.42915;-2.0942917
8;SP500_SHOCK;1;-99.34249;-101.84114;-2.4986496
8;TSX_SHOCK;2;-99.32563;-101.605484;-2.2798538
8;EAFE_SHOCK;3;-99.33362;-101.49005;-2.156433
8;DEX_SHOCK;4;-99.403915;-101.798386;-2.3944702
9;BASE;0;-35.57085;-41.80014;-6.22929
9;SP500_SHOCK;1;-35.796505;-42.03756;-6.2410545
9;TSX_SHOCK;2;-35.754173;-41.978714;-6.2245407
9;EAFE_SHOCK;3;-35.79506;-42.03053;-6.23547
9;DEX_SHOCK;4;-36.077923;-42.361034;-6.2831116
10;BASE;0;-34.364616;-34.91825;-0.55363464
10;SP500_SHOCK;1;-34.369503;-35.028942;-0.6594391
10;TSX_SHOCK;2;-34.36285;-34.993404;-0.6305542
10;EAFE_SHOCK;3;-34.364822;-34.94437;-0.5795479
10;DEX_SHOCK;4;-34.376053;-35.01179;-0.6357384
11;BASE;0;-78.345215;-89.05168;-10.706467
11;SP500_SHOCK;1;-79.55465;-90.00401;-10.449364
11;TSX_SHOCK;2;-78.593;-89.24772;-10.6547165
11;EAFE_SHOCK;3;-78.66327;-89.29848;-10.635208
11;DEX_SHOCK;4;-78.928185;-89.5689;-10.640717
12;BASE;0;-40.59002;-96.21186;-55.62184
12;SP500_SHOCK;1;-42.99171;-102.8156;-59.823887
12;TSX_SHOCK;2;-41.03216;-97.54866;-56.5165
12;EAFE_SHOCK;3;-41.56888;-99.14772;-57.578842
12;DEX_SHOCK;4;-41.495724;-98.589806;-57.09408
13;BASE;0;-82.616066;-83.68727;-1.0712051
13;SP500_SHOCK;1;-82.5843;-83.90131;-1.3170166
13;TSX_SHOCK;2;-82.60504;-83.75528;-1.150238
13;EAFE_SHOCK;3;-82.596695;-83.8025;-1.2058029
13;DEX_SHOCK;4;-82.59662;-83.99089;-1.3942719
14;BASE;0;-97.672516;-97.54638;0.12613678
14;SP500_SHOCK;1;-97.593925;-97.543;0.05092621
14;TSX_SHOCK;2;-97.66671;-97.55043;0.1162796
14;EAFE_SHOCK;3;-97.65686;-97.54544;0.11141968
14;DEX_SHOCK;4;-97.666626;-97.58199;0.08463287
15;BASE;0;-103.08617;-97.64543;5.440735
15;SP500_SHOCK;1;-102.69436;-97.44971;5.244652
15;TSX_SHOCK;2;-103.05808;-97.631775;5.4263077
15;EAFE_SHOCK;3;-102.70105;-97.44449;5.2565613
15;DEX_SHOCK;4;-102.58668;-97.44253;5.14415
16;BASE;0;-16.547075;-17.923786;-1.3767109
16;SP500_SHOCK;1;-16.592524;-18.177303;-1.5847797
16;TSX_SHOCK;2;-16.55768;-17.989155;-1.4314747
16;EAFE_SHOCK;3;-16.55916;-17.997757;-1.4385967
16;DEX_SHOCK;4;-16.569248;-18.03359;-1.4643421
17;BASE;0;-57.193287;-214.33127;-157.13799
17;SP500_SHOCK;1;-59.740227;-239.60812;-179.86789
17;TSX_SHOCK;2;-58.220524;-225.67943;-167.45891
17;EAFE_SHOCK;3;-58.21035;-225.48927;-167.27893
17;DEX_SHOCK;4;-60.148113;-235.86555;-175.71744
18;BASE;0;-66.60746;-75.75054;-9.143082
18;SP500_SHOCK;1;-67.45048;-78.57471;-11.124229
18;TSX_SHOCK;2;-66.77511;-76.3553;-9.580193
18;EAFE_SHOCK;3;-66.63996;-75.869865;-9.229904
18;DEX_SHOCK;4;-66.675674;-75.93112;-9.255447
19;BASE;0;-21.795221;-22.651484;-0.8562622
19;SP500_SHOCK;1;-21.8169;-22.77848;-0.9615803
19;TSX_SHOCK;2;-21.808115;-22.7367;-0.92858505
19;EAFE_SHOCK;3;-21.801746;-22.689919;-0.88817215
19;DEX_SHOCK;4;-21.81011;-22.725502;-0.9153919
20;BASE;0;-103.528366;-110.79029;-7.2619247
20;SP500_SHOCK;1;-103.09625;-114.039024;-10.942772
20;TSX_SHOCK;2;-103.4791;-111.19876;-7.719658
20;EAFE_SHOCK;3;-103.44914;-111.1345;-7.685356
20;DEX_SHOCK;4;-103.62931;-111.34841;-7.719101
21;BASE;0;-28.943531;-30.99279;-2.0492592
21;SP500_SHOCK;1;-29.04637;-31.42536;-2.3789902
21;TSX_SHOCK;2;-28.95705;-31.04509;-2.0880394
21;EAFE_SHOCK;3;-28.962748;-31.076094;-2.113346
21;DEX_SHOCK;4;-28.993773;-31.160471;-2.1666985
22;BASE;0;-23.582418;-28.317616;-4.735197
22;SP500_SHOCK;1;-23.863113;-29.159422;-5.2963085
22;TSX_SHOCK;2;-23.63075;-28.465578;-4.8348274
22;EAFE_SHOCK;3;-23.632204;-28.473019;-4.8408146
22;DEX_SHOCK;4;-23.78752;-28.846745;-5.059225
23;BASE;0;-20.99506;-21.089462;-0.09440231
23;SP500_SHOCK;1;-20.99506;-21.089462;-0.09440231
23;TSX_SHOCK;2;-20.99506;-21.089462;-0.09440231
23;EAFE_SHOCK;3;-21.022034;-21.106995;-0.08496094
23;DEX_SHOCK;4;-20.99506;-21.089462;-0.09440231
24;BASE;0;-52.383305;-51.969696;0.41360855
24;SP500_SHOCK;1;-52.360195;-52.001694;0.35850143
24;TSX_SHOCK;2;-52.31379;-52.045135;0.26865387
24;EAFE_SHOCK;3;-52.319332;-52.050846;0.26848602
24;DEX_SHOCK;4;-52.23276;-52.191147;0.041614532
25;BASE;0;-94.04981;-93.71765;0.33216095
25;SP500_SHOCK;1;-94.020775;-93.6999;0.32087708
25;TSX_SHOCK;2;-94.0309;-93.70677;0.3241272
25;EAFE_SHOCK;3;-94.02641;-93.70152;0.32489014
25;DEX_SHOCK;4;-94.02835;-93.72131;0.30703735
26;BASE;0;-75.023056;-77.82302;-2.799965
26;SP500_SHOCK;1;-75.16378;-78.14206;-2.978279
26;TSX_SHOCK;2;-75.05865;-77.896355;-2.8377075
26;EAFE_SHOCK;3;-75.094635;-77.97554;-2.8809052
26;DEX_SHOCK;4;-75.16891;-78.155594;-2.9866867
27;BASE;0;-80.657295;-81.20065;-0.54335785
27;SP500_SHOCK;1;-80.19854;-81.64099;-1.4424515
27;TSX_SHOCK;2;-80.23296;-81.39341;-1.1604462
27;EAFE_SHOCK;3;-80.4584;-81.35106;-0.89266205
27;DEX_SHOCK;4;-80.49232;-81.70342;-1.2111053
28;BASE;0;-49.581486;-135.48537;-85.903885
28;SP500_SHOCK;1;-55.831696;-150.09496;-94.26326
28;TSX_SHOCK;2;-52.792526;-143.7871;-90.99457
28;EAFE_SHOCK;3;-50.368595;-137.39876;-87.03017
28;DEX_SHOCK;4;-50.84586;-138.13113;-87.28528
29;BASE;0;-73.19072;-77.056915;-3.8661957
29;SP500_SHOCK;1;-73.21622;-77.44291;-4.226692
29;TSX_SHOCK;2;-73.19281;-77.08393;-3.891121
29;EAFE_SHOCK;3;-73.2077;-77.40927;-4.2015686
29;DEX_SHOCK;4;-73.27699;-77.66992;-4.392929
30;BASE;0;-64.632675;-65.4035;-0.77082825
30;SP500_SHOCK;1;-64.62803;-65.48007;-0.85204315
30;TSX_SHOCK;2;-64.62612;-65.45688;-0.83075714
30;EAFE_SHOCK;3;-64.629265;-65.44359;-0.8143234
30;DEX_SHOCK;4;-64.63646;-65.80678;-1.1703186
31;BASE;0;74.806725;34.77089;-40.035835
31;SP500_SHOCK;1;69.1247;31.116846;-38.00786
31;TSX_SHOCK;2;72.17548;33.075752;-39.09973
31;EAFE_SHOCK;3;74.06823;34.294937;-39.773293
31;DEX_SHOCK;4;73.5321;33.94672;-39.585377
32;BASE;0;-17.275517;-17.997913;-0.72239685
32;SP500_SHOCK;1;-17.28625;-18.113485;-0.8272362
32;TSX_SHOCK;2;-17.28281;-18.102526;-0.8197155
32;EAFE_SHOCK;3;-17.27741;-18.020638;-0.743227
32;DEX_SHOCK;4;-17.282152;-18.057846;-0.7756939
33;BASE;0;-108.78056;-109.215775;-0.43521118
33;SP500_SHOCK;1;-108.65212;-109.3962;-0.7440796
33;TSX_SHOCK;2;-108.702126;-109.2868;-0.584671
33;EAFE_SHOCK;3;-108.736885;-109.26754;-0.5306549
33;DEX_SHOCK;4;-108.76478;-109.43033;-0.66555023
34;BASE;0;-80.97846;-83.698296;-2.7198334
34;SP500_SHOCK;1;-81.16594;-84.15288;-2.9869385
34;TSX_SHOCK;2;-81.01026;-83.759544;-2.7492828
34;EAFE_SHOCK;3;-81.02872;-83.8064;-2.7776794
34;DEX_SHOCK;4;-81.10091;-83.95081;-2.849907
35;BASE;0;-32.62912;-37.898743;-5.269623
35;SP500_SHOCK;1;-32.916676;-38.947243;-6.030567
35;TSX_SHOCK;2;-32.721893;-38.225628;-5.5037346
35;EAFE_SHOCK;3;-32.647118;-37.962715;-5.3155975
35;DEX_SHOCK;4;-32.715958;-38.17776;-5.4618034
36;BASE;0;-55.612225;-58.36195;-2.7497253
36;SP500_SHOCK;1;-55.63946;-58.586014;-2.9465523
36;TSX_SHOCK;2;-55.62029;-58.534775;-2.914486
36;EAFE_SHOCK;3;-55.62588;-58.51062;-2.884739
36;DEX_SHOCK;4;-55.674942;-58.666393;-2.9914513
37;BASE;0;-82.921455;-115.44009;-32.51863
37;SP500_SHOCK;1;-84.074455;-118.89244;-34.817986
37;TSX_SHOCK;2;-84.03;-120.141785;-36.111786
37;EAFE_SHOCK;3;-83.152306;-116.193184;-33.04088
37;DEX_SHOCK;4;-83.115295;-115.94915;-32.833855
38;BASE;0;471.27206;-63.922344;-535.1944
38;SP500_SHOCK;1;453.84937;-76.455414;-530.3048
38;TSX_SHOCK;2;418.49075;-103.649536;-522.14026
38;EAFE_SHOCK;3;449.99677;-79.36118;-529.358
38;DEX_SHOCK;4;437.4158;-88.01866;-525.43445
39;BASE;0;-62.92349;-61.467762;1.4557266
39;SP500_SHOCK;1;-62.8058;-61.486942;1.3188591
39;TSX_SHOCK;2;-62.717957;-61.437355;1.2806015
39;EAFE_SHOCK;3;-62.77063;-61.47292;1.2977104
39;DEX_SHOCK;4;-62.74868;-61.596355;1.1523247
40;BASE;0;1.4098747;-22.0864;-23.496273
40;SP500_SHOCK;1;1.0947139;-22.320335;-23.415049
40;TSX_SHOCK;2;0.4900292;-22.746168;-23.236197
40;EAFE_SHOCK;3;0.5417671;-22.721214;-23.262981
40;DEX_SHOCK;4;-0.70168513;-23.696468;-22.994783
41;BASE;0;-68.63614;-72.604454;-3.9683151
41;SP500_SHOCK;1;-69.21126;-73.54188;-4.33062
41;TSX_SHOCK;2;-68.76336;-72.80385;-4.040489
41;EAFE_SHOCK;3;-68.6611;-72.64403;-3.9829254
41;DEX_SHOCK;4;-68.68231;-72.674034;-3.991722
42;BASE;0;-68.52419;-78.24019;-9.715996
42;SP500_SHOCK;1;-68.92077;-79.77629;-10.855522
42;TSX_SHOCK;2;-68.66781;-78.81167;-10.14386
42;EAFE_SHOCK;3;-68.6277;-78.65846;-10.030762
42;DEX_SHOCK;4;-68.802185;-79.0597;-10.257515
43;BASE;0;-45.249687;-49.171223;-3.9215355
43;SP500_SHOCK;1;-45.26695;-49.603416;-4.3364677
43;TSX_SHOCK;2;-45.251167;-49.200333;-3.9491653
43;EAFE_SHOCK;3;-45.261868;-49.573696;-4.3118286
43;DEX_SHOCK;4;-45.304264;-49.80895;-4.5046844
44;BASE;0;-17.64068;-53.528854;-35.888176
44;SP500_SHOCK;1;-18.706856;-57.570477;-38.86362
44;TSX_SHOCK;2;-18.02607;-55.1433;-37.11723
44;EAFE_SHOCK;3;-17.997822;-55.006275;-37.008453
44;DEX_SHOCK;4;-18.33658;-56.054607;-37.718025
45;BASE;0;-81.30028;-72.04461;9.255669
45;SP500_SHOCK;1;-80.59909;-71.85186;8.747231
45;TSX_SHOCK;2;-80.63732;-71.83039;8.806931
45;EAFE_SHOCK;3;-81.18011;-72.00946;9.170647
45;DEX_SHOCK;4;-80.13544;-71.746735;8.388702
46;BASE;0;-41.93996;-52.80115;-10.861191
46;SP500_SHOCK;1;-43.395657;-54.079975;-10.684319
46;TSX_SHOCK;2;-42.712044;-53.45595;-10.743908
46;EAFE_SHOCK;3;-42.144554;-52.975933;-10.831379
46;DEX_SHOCK;4;-42.174206;-53.01719;-10.842983
47;BASE;0;-867.9497;-604.5519;263.39783
47;SP500_SHOCK;1;-827.1238;-580.31195;246.81183
47;TSX_SHOCK;2;-864.4871;-602.5101;261.97705
47;EAFE_SHOCK;3;-857.1996;-598.10284;259.09674
47;DEX_SHOCK;4;-850.1463;-594.61145;255.53485
48;BASE;0;-123.038864;-122.90055;0.1383133
48;SP500_SHOCK;1;-122.62279;-123.30684;-0.6840515
48;TSX_SHOCK;2;-122.85317;-123.015915;-0.16274261
48;EAFE_SHOCK;3;-122.966324;-122.94986;0.016464233
48;DEX_SHOCK;4;-123.01065;-123.064835;-0.05418396
49;BASE;0;-14.514316;-34.301044;-19.786728
49;SP500_SHOCK;1;-15.491455;-38.125088;-22.633633
49;TSX_SHOCK;2;-14.972181;-36.319546;-21.347364
49;EAFE_SHOCK;3;-14.609858;-34.710983;-20.101126
49;DEX_SHOCK;4;-14.63747;-34.759212;-20.121742
50;BASE;0;-5.309892;-8.181765;-2.8718724
50;SP500_SHOCK;1;-5.3132358;-8.230112;-2.9168763
50;TSX_SHOCK;2;-5.319186;-8.316257;-2.9970713
50;EAFE_SHOCK;3;-5.3195815;-8.313053;-2.9934716
50;DEX_SHOCK;4;-5.340262;-8.49954;-3.1592784
51;BASE;0;-45.698494;-46.806313;-1.1078186
51;SP500_SHOCK;1;-45.66775;-47.051792;-1.3840408
51;TSX_SHOCK;2;-45.640675;-47.003105;-1.3624306
51;EAFE_SHOCK;3;-45.685402;-46.87665;-1.1912498
51;DEX_SHOCK;4;-45.696533;-46.89136;-1.194828
52;BASE;0;-58.69648;-64.00786;-5.3113785
52;SP500_SHOCK;1;-58.930424;-65.337166;-6.406742
52;TSX_SHOCK;2;-58.70387;-64.639885;-5.936016
52;EAFE_SHOCK;3;-58.711876;-64.13217;-5.4202957
52;DEX_SHOCK;4;-58.76388;-64.19149;-5.4276085
53;BASE;0;-58.19034;-91.53308;-33.342743
53;SP500_SHOCK;1;-60.01074;-93.76827;-33.757534
53;TSX_SHOCK;2;-61.4454;-95.60242;-34.157017
53;EAFE_SHOCK;3;-58.45618;-91.8606;-33.404423
53;DEX_SHOCK;4;-59.12488;-92.6777;-33.552814
54;BASE;0;-50.273342;-56.649017;-6.375675
54;SP500_SHOCK;1;-50.872128;-57.45619;-6.5840607
54;TSX_SHOCK;2;-50.557426;-57.01678;-6.4593544
54;EAFE_SHOCK;3;-50.409534;-56.830227;-6.4206924
54;DEX_SHOCK;4;-50.515484;-56.97347;-6.457985
55;BASE;0;-89.02547;-84.3021;4.723366
55;SP500_SHOCK;1;-88.367905;-84.441246;3.9266586
55;TSX_SHOCK;2;-88.46212;-84.32735;4.1347733
55;EAFE_SHOCK;3;-88.768585;-84.33844;4.4301453
55;DEX_SHOCK;4;-88.08789;-84.74652;3.3413696
56;BASE;0;-363.78546;-308.8164;54.969055
56;SP500_SHOCK;1;-354.45657;-304.11932;50.33725
56;TSX_SHOCK;2;-361.60986;-307.69385;53.916016
56;EAFE_SHOCK;3;-361.72714;-307.75024;53.9769
56;DEX_SHOCK;4;-361.201;-307.92526;53.275726
57;BASE;0;-47.015446;-63.659874;-16.644428
57;SP500_SHOCK;1;-47.483204;-65.11899;-17.635784
57;TSX_SHOCK;2;-47.379543;-65.2888;-17.90926
57;EAFE_SHOCK;3;-47.21112;-64.32049;-17.109367
57;DEX_SHOCK;4;-47.212803;-64.18157;-16.96877
58;BASE;0;-152.57524;-172.962;-20.386765
58;SP500_SHOCK;1;-153.29802;-174.43011;-21.132095
58;TSX_SHOCK;2;-152.9443;-173.65985;-20.715546
58;EAFE_SHOCK;3;-152.8801;-173.5521;-20.671997
58;DEX_SHOCK;4;-153.65172;-175.06673;-21.415009
59;BASE;0;-207.35127;-182.43733;24.91394
59;SP500_SHOCK;1;-206.21255;-181.77321;24.439346
59;TSX_SHOCK;2;-205.08662;-180.99637;24.090256
59;EAFE_SHOCK;3;-206.67677;-182.03044;24.646332
59;DEX_SHOCK;4;-205.72208;-181.5354;24.186676
60;BASE;0;-88.75671;-82.96853;5.7881775
60;SP500_SHOCK;1;-87.36513;-82.89292;4.472206
60;TSX_SHOCK;2;-88.188736;-82.90934;5.279396
60;EAFE_SHOCK;3;-88.56413;-82.96554;5.5985947
60;DEX_SHOCK;4;-88.60162;-83.00855;5.593071
61;BASE;0;-88.35452;-91.13583;-2.781311
61;SP500_SHOCK;1;-88.42138;-91.20828;-2.7869034
61;TSX_SHOCK;2;-88.515465;-91.26697;-2.751503
61;EAFE_SHOCK;3;-88.440926;-91.223274;-2.7823486
61;DEX_SHOCK;4;-88.52724;-91.35382;-2.8265839
62;BASE;0;-37.73786;-37.7502;-0.012336731
62;SP500_SHOCK;1;-37.726982;-37.773445;-0.046463013
62;TSX_SHOCK;2;-37.73059;-37.762516;-0.0319252
62;EAFE_SHOCK;3;-37.728638;-37.76697;-0.038333893
62;DEX_SHOCK;4;-37.73065;-37.78158;-0.050930023
63;BASE;0;-73.690636;-69.33396;4.356674
63;SP500_SHOCK;1;-72.99802;-69.17234;3.825676
63;TSX_SHOCK;2;-73.54336;-69.29745;4.2459106
63;EAFE_SHOCK;3;-73.31302;-69.22668;4.086342
63;DEX_SHOCK;4;-73.59476;-69.331505;4.2632523
64;BASE;0;265.16705;164.07782;-101.08923
64;SP500_SHOCK;1;253.7644;156.88866;-96.87575
64;TSX_SHOCK;2;257.28137;159.09047;-98.1909
64;EAFE_SHOCK;3;260.75128;161.2812;-99.47008
64;DEX_SHOCK;4;259.6913;160.61128;-99.08003
65;BASE;0;-30.473083;-30.557795;-0.084711075
65;SP500_SHOCK;1;-30.473629;-30.572294;-0.09866524
65;TSX_SHOCK;2;-30.473347;-30.565762;-0.092414856
65;EAFE_SHOCK;3;-30.473381;-30.568485;-0.09510422
65;DEX_SHOCK;4;-30.474104;-30.574034;-0.09992981
66;BASE;0;-38.608673;-42.428616;-3.8199425
66;SP500_SHOCK;1;-38.512447;-42.76425;-4.2518044
66;TSX_SHOCK;2;-38.51311;-42.675854;-4.1627426
66;EAFE_SHOCK;3;-38.546547;-42.609985;-4.0634384
66;DEX_SHOCK;4;-38.365055;-43.95181;-5.586754
67;BASE;0;-86.74166;-88.05164;-1.3099823
67;SP500_SHOCK;1;-86.76688;-88.50325;-1.7363739
67;TSX_SHOCK;2;-86.74166;-88.05164;-1.3099823
67;EAFE_SHOCK;3;-86.743835;-88.09767;-1.353836
67;DEX_SHOCK;4;-86.76438;-88.148926;-1.3845444
68;BASE;0;-24.242022;-34.283623;-10.041601
68;SP500_SHOCK;1;-25.632414;-36.276093;-10.643679
68;TSX_SHOCK;2;-24.42547;-34.546066;-10.120596
68;EAFE_SHOCK;3;-24.303612;-34.37183;-10.068218
68;DEX_SHOCK;4;-24.364292;-34.462605;-10.098312
69;BASE;0;-39.396107;-39.834007;-0.43790054
69;SP500_SHOCK;1;-39.40243;-39.878036;-0.475605
69;TSX_SHOCK;2;-39.39949;-39.85766;-0.45816803
69;EAFE_SHOCK;3;-39.400356;-39.86603;-0.46567535
69;DEX_SHOCK;4;-39.40624;-39.888683;-0.48244476
70;BASE;0;-53.35852;-49.01072;4.347801
70;SP500_SHOCK;1;-53.337475;-48.934498;4.402977
70;TSX_SHOCK;2;-53.313713;-48.81637;4.497345
70;EAFE_SHOCK;3;-53.306942;-48.810383;4.496559
70;DEX_SHOCK;4;-53.181805;-48.476536;4.705269
71;BASE;0;-102.37058;-103.7009;-1.3303146
71;SP500_SHOCK;1;-102.37611;-103.93161;-1.5555038
71;TSX_SHOCK;2;-102.373886;-103.75573;-1.3818436
71;EAFE_SHOCK;3;-102.372185;-103.806625;-1.4344406
71;DEX_SHOCK;4;-102.404854;-103.96957;-1.5647125
72;BASE;0;-102.927284;-103.155334;-0.22805023
72;SP500_SHOCK;1;-102.80456;-103.34953;-0.5449753
72;TSX_SHOCK;2;-102.89596;-103.20594;-0.3099823
72;EAFE_SHOCK;3;-102.90254;-103.1843;-0.28176117
72;DEX_SHOCK;4;-102.907104;-103.32526;-0.41815186
73;BASE;0;-54.265118;-62.451096;-8.185978
73;SP500_SHOCK;1;-54.170605;-63.945705;-9.775101
73;TSX_SHOCK;2;-54.140488;-63.34431;-9.203823
73;EAFE_SHOCK;3;-54.211224;-62.961483;-8.750259
73;DEX_SHOCK;4;-54.277576;-63.26285;-8.985275
74;BASE;0;-17.013426;-19.504473;-2.491047
74;SP500_SHOCK;1;-16.940704;-20.016;-3.0752964
74;TSX_SHOCK;2;-16.973543;-19.747953;-2.7744102
74;EAFE_SHOCK;3;-16.983015;-19.697653;-2.7146378
74;DEX_SHOCK;4;-16.96242;-19.964878;-3.0024586
75;BASE;0;-91.910194;-106.46039;-14.550194
75;SP500_SHOCK;1;-92.784615;-107.3021;-14.517487
75;TSX_SHOCK;2;-92.63743;-107.11026;-14.472832
75;EAFE_SHOCK;3;-92.41549;-106.93041;-14.514923
75;DEX_SHOCK;4;-92.61026;-107.18871;-14.578453
76;BASE;0;-111.17839;-107.65468;3.5237122
76;SP500_SHOCK;1;-110.43131;-107.664825;2.7664871
76;TSX_SHOCK;2;-110.95246;-107.64106;3.3114014
76;EAFE_SHOCK;3;-111.00936;-107.64241;3.366951
76;DEX_SHOCK;4;-110.981285;-107.73868;3.242607
77;BASE;0;-3.971771;-3.901579;0.0701921
77;SP500_SHOCK;1;-3.9447098;-3.9285042;0.01620555
77;TSX_SHOCK;2;-3.9631562;-3.9078355;0.05532074
77;EAFE_SHOCK;3;-3.9705477;-3.9024446;0.068103075
77;DEX_SHOCK;4;-3.9703276;-3.902892;0.0674355
78;BASE;0;-102.31093;-100.170616;2.1403122
78;SP500_SHOCK;1;-101.97672;-100.23039;1.7463303
78;TSX_SHOCK;2;-102.23146;-100.18548;2.0459824
78;EAFE_SHOCK;3;-102.11495;-100.19677;1.9181824
78;DEX_SHOCK;4;-102.05995;-100.30676;1.7531891
79;BASE;0;-37.114307;-44.47046;-7.3561516
79;SP500_SHOCK;1;-37.47258;-45.099113;-7.6265335
79;TSX_SHOCK;2;-37.23789;-44.690277;-7.452389
79;EAFE_SHOCK;3;-37.425365;-45.01807;-7.592705
79;DEX_SHOCK;4;-37.359478;-44.869797;-7.5103188
80;BASE;0;-40.853874;-39.96883;0.8850441
80;SP500_SHOCK;1;-40.754242;-39.916527;0.83771515
80;TSX_SHOCK;2;-40.781998;-39.91809;0.86390686
80;EAFE_SHOCK;3;-40.813995;-39.94289;0.8711052
80;DEX_SHOCK;4;-40.801933;-39.965603;0.8363304
81;BASE;0;-56.342175;-54.055664;2.2865105
81;SP500_SHOCK;1;-55.95747;-54.127243;1.8302269
81;TSX_SHOCK;2;-56.273212;-54.062824;2.2103882
81;EAFE_SHOCK;3;-56.186676;-54.074493;2.1121826
81;DEX_SHOCK;4;-56.124268;-54.133274;1.9909935
82;BASE;0;-106.78246;-88.0226;18.759865
82;SP500_SHOCK;1;-105.2615;-87.50502;17.756477
82;TSX_SHOCK;2;-104.37706;-86.8696;17.507462
82;EAFE_SHOCK;3;-106.22457;-87.81115;18.413422
82;DEX_SHOCK;4;-105.98506;-87.84726;18.137802
83;BASE;0;-117.5223;-116.19044;1.3318634
83;SP500_SHOCK;1;-117.362625;-116.22856;1.1340637
83;TSX_SHOCK;2;-117.217575;-116.074875;1.1427002
83;EAFE_SHOCK;3;-117.51772;-116.19083;1.3268967
83;DEX_SHOCK;4;-117.40891;-116.31734;1.0915756
84;BASE;0;-117.7282;-119.57275;-1.8445435
84;SP500_SHOCK;1;-117.72665;-119.6211;-1.894455
84;TSX_SHOCK;2;-117.50554;-119.79781;-2.2922745
84;EAFE_SHOCK;3;-117.72226;-119.6361;-1.9138412
84;DEX_SHOCK;4;-117.76255;-120.031715;-2.269165
85;BASE;0;-15.543941;-63.332737;-47.788795
85;SP500_SHOCK;1;-17.79133;-70.38139;-52.590065
85;TSX_SHOCK;2;-15.9556465;-64.711;-48.755352
85;EAFE_SHOCK;3;-16.103228;-65.21092;-49.107697
85;DEX_SHOCK;4;-17.058802;-67.80423;-50.74543
86;BASE;0;-95.51815;-89.70345;5.8146973
86;SP500_SHOCK;1;-94.93704;-89.61094;5.326103
86;TSX_SHOCK;2;-95.037346;-89.55033;5.487015
86;EAFE_SHOCK;3;-95.29543;-89.65274;5.6426926
86;DEX_SHOCK;4;-94.669266;-89.766655;4.902611
87;BASE;0;-19.132938;-20.829506;-1.6965675
87;SP500_SHOCK;1;-19.232897;-21.18664;-1.953743
87;TSX_SHOCK;2;-19.183895;-21.04496;-1.8610649
87;EAFE_SHOCK;3;-19.137915;-20.857134;-1.7192192
87;DEX_SHOCK;4;-19.152958;-20.896023;-1.7430649
88;BASE;0;-92.21445;-95.795845;-3.581398
88;SP500_SHOCK;1;-92.392525;-96.62678;-4.234253
88;TSX_SHOCK;2;-92.25765;-95.987816;-3.7301636
88;EAFE_SHOCK;3;-92.23546;-95.89755;-3.662094
88;DEX_SHOCK;4;-92.30294;-96.04225;-3.7393112
89;BASE;0;-44.44029;-45.968983;-1.5286942
89;SP500_SHOCK;1;-44.45551;-46.089195;-1.6336861
89;TSX_SHOCK;2;-44.446686;-46.15375;-1.7070656
89;EAFE_SHOCK;3;-44.447933;-46.041172;-1.5932388
89;DEX_SHOCK;4;-44.474953;-46.160545;-1.6855927
90;BASE;0;-71.457634;-76.28545;-4.82782
90;SP500_SHOCK;1;-71.72105;-77.04397;-5.3229218
90;TSX_SHOCK;2;-71.58101;-76.694214;-5.113205
90;EAFE_SHOCK;3;-71.48032;-76.35709;-4.87677
90;DEX_SHOCK;4;-71.61489;-76.670654;-5.0557632
91;BASE;0;-24.411829;-28.516872;-4.1050434
91;SP500_SHOCK;1;-24.489992;-29.587904;-5.097912
91;TSX_SHOCK;2;-24.424383;-28.914225;-4.4898415
91;EAFE_SHOCK;3;-24.415403;-28.609953;-4.1945496
91;DEX_SHOCK;4;-24.434368;-28.731588;-4.29722
92;BASE;0;-10.113101;-27.406088;-17.292988
92;SP500_SHOCK;1;-11.146404;-30.79516;-19.648756
92;TSX_SHOCK;2;-10.407466;-28.469856;-18.06239
92;EAFE_SHOCK;3;-10.228175;-27.826097;-17.597923
92;DEX_SHOCK;4;-10.278358;-27.962715;-17.684357
93;BASE;0;-46.600857;-47.517326;-0.9164696
93;SP500_SHOCK;1;-46.6093;-47.678894;-1.0695953
93;TSX_SHOCK;2;-46.6039;-47.55141;-0.94750977
93;EAFE_SHOCK;3;-46.604164;-47.59165;-0.987484
93;DEX_SHOCK;4;-46.623016;-47.694263;-1.0712471
94;BASE;0;-15.201383;-15.468589;-0.2672062
94;SP500_SHOCK;1;-15.197699;-15.519008;-0.3213091
94;TSX_SHOCK;2;-15.198015;-15.509469;-0.31145382
94;EAFE_SHOCK;3;-15.199826;-15.487228;-0.28740215
94;DEX_SHOCK;4;-15.1892395;-15.662374;-0.47313404
95;BASE;0;1.9518877;-16.132868;-18.084755
95;SP500_SHOCK;1;0.21505955;-21.033253;-21.248312
95;TSX_SHOCK;2;1.77406;-16.656649;-18.430708
95;EAFE_SHOCK;3;1.7081045;-16.855724;-18.56383
95;DEX_SHOCK;4;1.7534084;-16.693224;-18.446632
96;BASE;0;-45.772495;-49.63521;-3.8627129
96;SP500_SHOCK;1;-45.826492;-49.71754;-3.8910484
96;TSX_SHOCK;2;-46.026527;-49.991955;-3.9654274
96;EAFE_SHOCK;3;-45.871395;-49.783245;-3.91185
96;DEX_SHOCK;4;-45.916466;-49.86437;-3.9479027
97;BASE;0;-21.205936;-25.688934;-4.482998
97;SP500_SHOCK;1;-21.273312;-26.008526;-4.735214
97;TSX_SHOCK;2;-21.31962;-26.326265;-5.006645
97;EAFE_SHOCK;3;-21.230598;-25.810898;-4.5802994
97;DEX_SHOCK;4;-21.265053;-25.942976;-4.677923
98;BASE;0;-48.63487;-49.087627;-0.4527588
98;SP500_SHOCK;1;-48.525093;-49.309326;-0.7842331
98;TSX_SHOCK;2;-48.61052;-49.127476;-0.5169563
98;EAFE_SHOCK;3;-48.60396;-49.133224;-0.52926636
98;DEX_SHOCK;4;-48.57739;-49.373714;-0.7963257
99;BASE;0;-29.590544;-30.765247;-1.1747036
99;SP500_SHOCK;1;-29.693487;-31.182234;-1.4887466
99;TSX_SHOCK;2;-29.590544;-30.765247;-1.1747036
99;EAFE_SHOCK;3;-29.590544;-30.765247;-1.1747036
99;DEX_SHOCK;4;-29.590544;-30.765247;-1.1747036
100;BASE;0;-275.82404;-329.4542;-53.630157
100;SP500_SHOCK;1;-278.75467;-331.49237;-52.7377
100;TSX_SHOCK;2;-283.5986;-334.98892;-51.39032
100;EAFE_SHOCK;3;-278.99228;-331.6537;-52.661407
100;DEX_SHOCK;4;-275.9584;-329.56863;-53.61023
101;BASE;0;-35.04614;-37.881817;-2.835678
101;SP500_SHOCK;1;-35.236595;-38.515446;-3.2788506
101;TSX_SHOCK;2;-35.104713;-38.11953;-3.0148163
101;EAFE_SHOCK;3;-35.06437;-37.953754;-2.8893852
101;DEX_SHOCK;4;-35.086205;-38.002254;-2.91605
102;BASE;0;-56.955418;-61.123558;-4.1681404
102;SP500_SHOCK;1;-57.11331;-61.56477;-4.451458
102;TSX_SHOCK;2;-57.073925;-61.551994;-4.4780693
102;EAFE_SHOCK;3;-57.011326;-61.288574;-4.2772484
102;DEX_SHOCK;4;-57.04065;-61.3236;-4.2829514
103;BASE;0;-36.21847;-39.674488;-3.4560165
103;SP500_SHOCK;1;-36.36825;-39.850998;-3.4827461
103;TSX_SHOCK;2;-36.441513;-39.91427;-3.4727554
103;EAFE_SHOCK;3;-36.32591;-39.797592;-3.4716835
103;DEX_SHOCK;4;-36.38289;-39.88084;-3.4979515
104;BASE;0;-58.661743;-69.226425;-10.564682
104;SP500_SHOCK;1;-60.156425;-71.31633;-11.1599045
104;TSX_SHOCK;2;-58.81159;-69.43724;-10.625652
104;EAFE_SHOCK;3;-58.744564;-69.34141;-10.596844
104;DEX_SHOCK;4;-58.803043;-69.416695;-10.613651
105;BASE;0;-31.721966;-31.755795;-0.033828735
105;SP500_SHOCK;1;-31.71596;-31.793997;-0.07803726
105;TSX_SHOCK;2;-31.717506;-31.785059;-0.06755257
105;EAFE_SHOCK;3;-31.719646;-31.766863;-0.047216415
105;DEX_SHOCK;4;-31.71185;-31.830435;-0.11858559
106;BASE;0;-20.635387;-22.27194;-1.6365528
106;SP500_SHOCK;1;-20.67229;-22.889845;-2.217554
106;TSX_SHOCK;2;-20.640291;-22.356977;-1.7166862
106;EAFE_SHOCK;3;-20.636257;-22.289368;-1.6531105
106;DEX_SHOCK;4;-20.6386;-22.315552;-1.6769524
107;BASE;0;-10.853407;-12.3299055;-1.4764986
107;SP500_SHOCK;1;-10.940376;-12.577474;-1.6370974
107;TSX_SHOCK;2;-10.86697;-12.375429;-1.5084591
107;EAFE_SHOCK;3;-10.867778;-12.377981;-1.5102034
107;DEX_SHOCK;4;-10.906022;-12.477446;-1.5714235
108;BASE;0;-25.393305;-29.808125;-4.4148197
108;SP500_SHOCK;1;-25.785273;-30.517735;-4.732462
108;TSX_SHOCK;2;-25.55648;-30.111847;-4.5553665
108;EAFE_SHOCK;3;-25.450129;-29.91026;-4.4601307
108;DEX_SHOCK;4;-25.443243;-29.892729;-4.449486
109;BASE;0;-35.273895;-49.915604;-14.641708
109;SP500_SHOCK;1;-36.51811;-53.678806;-17.160698
109;TSX_SHOCK;2;-35.338478;-50.14894;-14.810463
109;EAFE_SHOCK;3;-35.385223;-50.32222;-14.936996
109;DEX_SHOCK;4;-35.35014;-50.144627;-14.794487
110;BASE;0;-63.190243;-71.47805;-8.287807
110;SP500_SHOCK;1;-63.090275;-74.12715;-11.036877
110;TSX_SHOCK;2;-63.150192;-72.16;-9.009811
110;EAFE_SHOCK;3;-63.144592;-72.09954;-8.954948
110;DEX_SHOCK;4;-63.209538;-71.759514;-8.549976
111;BASE;0;-15.05315;-15.184002;-0.13085175
111;SP500_SHOCK;1;-15.05315;-15.184002;-0.13085175
111;TSX_SHOCK;2;-15.090533;-15.208304;-0.11777115
111;EAFE_SHOCK;3;-15.05315;-15.184002;-0.13085175
111;DEX_SHOCK;4;-15.05315;-15.184002;-0.13085175
112;BASE;0;-1.616305;-1.7275498;-0.1112448
112;SP500_SHOCK;1;-1.616305;-1.7275498;-0.1112448
112;TSX_SHOCK;2;-1.648089;-1.7482082;-0.100119114
112;EAFE_SHOCK;3;-1.616305;-1.7275498;-0.1112448
112;DEX_SHOCK;4;-1.616305;-1.7275498;-0.1112448
113;BASE;0;-2.6216018;-3.0443652;-0.42276335
113;SP500_SHOCK;1;-2.6216018;-3.0443652;-0.42276335
113;TSX_SHOCK;2;-2.7423913;-3.1228797;-0.3804884
113;EAFE_SHOCK;3;-2.6216018;-3.0443652;-0.42276335
113;DEX_SHOCK;4;-2.6216018;-3.0443652;-0.42276335
114;BASE;0;-41.42482;-43.437508;-2.0126877
114;SP500_SHOCK;1;-41.42482;-43.437508;-2.0126877
114;TSX_SHOCK;2;-41.845715;-43.71134;-1.8656273
114;EAFE_SHOCK;3;-41.578827;-43.53767;-1.9588432
114;DEX_SHOCK;4;-41.42482;-43.437508;-2.0126877
115;BASE;0;-24.769829;-30.004852;-5.2350235
115;SP500_SHOCK;1;-24.769829;-30.004852;-5.2350235
115;TSX_SHOCK;2;-24.769829;-30.004852;-5.2350235
115;EAFE_SHOCK;3;-26.263926;-30.980083;-4.716158
115;DEX_SHOCK;4;-24.769829;-30.004852;-5.2350235
116;BASE;0;-7.766609;-7.7978296;-0.031220436
116;SP500_SHOCK;1;-7.766609;-7.7978296;-0.031220436
116;TSX_SHOCK;2;-7.7755303;-7.8036256;-0.028095245
116;EAFE_SHOCK;3;-7.766609;-7.7978296;-0.031220436
116;DEX_SHOCK;4;-7.766609;-7.7978296;-0.031220436
117;BASE;0;-86.14734;-85.845245;0.3020935
117;SP500_SHOCK;1;-86.092026;-85.894875;0.19715118
117;TSX_SHOCK;2;-86.10328;-85.86809;0.23519135
117;EAFE_SHOCK;3;-86.11415;-85.87032;0.24382782
117;DEX_SHOCK;4;-86.07827;-85.9518;0.12647247
118;BASE;0;-33.55092;-38.29976;-4.7488403
118;SP500_SHOCK;1;-33.741894;-38.894226;-5.1523323
118;TSX_SHOCK;2;-33.60375;-38.444992;-4.8412437
118;EAFE_SHOCK;3;-33.579575;-38.38333;-4.8037567
118;DEX_SHOCK;4;-33.75793;-38.907066;-5.1491356
119;BASE;0;-17.62383;-28.531132;-10.907301
119;SP500_SHOCK;1;-18.270779;-29.794659;-11.52388
119;TSX_SHOCK;2;-17.749598;-28.797644;-11.048046
119;EAFE_SHOCK;3;-17.775414;-28.849606;-11.074192
119;DEX_SHOCK;4;-18.287987;-29.758612;-11.470625
120;BASE;0;-28.12586;-27.987587;0.13827324
120;SP500_SHOCK;1;-28.1219;-27.991419;0.13048172
120;TSX_SHOCK;2;-28.114176;-27.998913;0.115262985
120;EAFE_SHOCK;3;-28.114897;-28.00098;0.1139164
120;DEX_SHOCK;4;-28.0998;-28.036448;0.063352585
121;BASE;0;-85.91125;-89.59203;-3.6807861
121;SP500_SHOCK;1;-86.188675;-90.083595;-3.8949203
121;TSX_SHOCK;2;-86.05028;-89.82527;-3.774994
121;EAFE_SHOCK;3;-85.961395;-89.67637;-3.7149734
121;DEX_SHOCK;4;-86.01197;-89.764694;-3.7527237
122;BASE;0;178.6757;196.87048;18.194778
122;SP500_SHOCK;1;179.39548;197.08727;17.691788
122;TSX_SHOCK;2;183.2792;199.1327;15.8535
122;EAFE_SHOCK;3;179.75282;197.22514;17.47232
122;DEX_SHOCK;4;179.25955;196.79384;17.534286
123;BASE;0;-99.01018;-89.14566;9.864517
123;SP500_SHOCK;1;-96.69653;-89.00918;7.687355
123;TSX_SHOCK;2;-97.893745;-88.95062;8.943123
123;EAFE_SHOCK;3;-98.788216;-89.116615;9.6716
123;DEX_SHOCK;4;-98.90132;-89.16021;9.741112
124;BASE;0;-21.10901;-22.123613;-1.0146027
124;SP500_SHOCK;1;-21.067184;-22.382391;-1.3152065
124;TSX_SHOCK;2;-21.070507;-22.302864;-1.232357
124;EAFE_SHOCK;3;-21.09206;-22.212872;-1.1208115
124;DEX_SHOCK;4;-21.064634;-22.605742;-1.5411072
125;BASE;0;-110.25691;-108.26675;1.9901657
125;SP500_SHOCK;1;-110.22435;-108.26294;1.9614105
125;TSX_SHOCK;2;-110.15927;-108.23976;1.9195099
125;EAFE_SHOCK;3;-110.16678;-108.254715;1.9120636
125;DEX_SHOCK;4;-110.03922;-108.32004;1.7191849
126;BASE;0;-47.743477;-53.653458;-5.909981
126;SP500_SHOCK;1;-47.946144;-54.444645;-6.498501
126;TSX_SHOCK;2;-47.81823;-54.002357;-6.184128
126;EAFE_SHOCK;3;-47.77113;-53.76942;-5.998291
126;DEX_SHOCK;4;-48.056873;-54.62047;-6.563595
127;BASE;0;6.875328;-40.10498;-46.98031
127;SP500_SHOCK;1;6.3603168;-40.767067;-47.127384
127;TSX_SHOCK;2;4.520001;-42.86838;-47.388382
127;EAFE_SHOCK;3;5.685367;-41.592514;-47.27788
127;DEX_SHOCK;4;4.0855355;-43.862095;-47.94763
128;BASE;0;-59.93749;-60.240917;-0.30342865
128;SP500_SHOCK;1;-59.935837;-60.276394;-0.3405571
128;TSX_SHOCK;2;-59.932686;-60.2533;-0.32061386
128;EAFE_SHOCK;3;-59.936474;-60.250156;-0.31368256
128;DEX_SHOCK;4;-59.965088;-60.367363;-0.4022751
129;BASE;0;-56.943855;-56.877575;0.066280365
129;SP500_SHOCK;1;-56.86532;-57.02654;-0.16122055
129;TSX_SHOCK;2;-56.855156;-56.961376;-0.106220245
129;EAFE_SHOCK;3;-56.941856;-56.8812;0.0606575
129;DEX_SHOCK;4;-56.935192;-56.914486;0.020706177
130;BASE;0;34.14125;-7.3750463;-41.516296
130;SP500_SHOCK;1;27.258038;-12.163322;-39.42136
130;TSX_SHOCK;2;33.282684;-7.9742203;-41.256905
130;EAFE_SHOCK;3;32.709347;-8.370893;-41.08024
130;DEX_SHOCK;4;32.530746;-8.532868;-41.063614
131;BASE;0;35.802074;17.947056;-17.855019
131;SP500_SHOCK;1;34.768517;17.301945;-17.466572
131;TSX_SHOCK;2;34.007595;16.793009;-17.214586
131;EAFE_SHOCK;3;35.189995;17.561352;-17.628643
131;DEX_SHOCK;4;34.797497;17.325735;-17.471762
132;BASE;0;-90.547134;-92.270615;-1.7234802
132;SP500_SHOCK;1;-90.641525;-92.61789;-1.9763641
132;TSX_SHOCK;2;-90.57492;-92.3478;-1.7728806
132;EAFE_SHOCK;3;-90.5627;-92.32109;-1.7583923
132;DEX_SHOCK;4;-90.60973;-92.42007;-1.8103333
133;BASE;0;-17.521225;-26.670744;-9.149519
133;SP500_SHOCK;1;-17.709854;-27.90875;-10.198896
133;TSX_SHOCK;2;-17.606647;-27.3102;-9.703552
133;EAFE_SHOCK;3;-17.579935;-27.092934;-9.512999
133;DEX_SHOCK;4;-17.6461;-27.403542;-9.757442
134;BASE;0;-81.4697;-89.52808;-8.05838
134;SP500_SHOCK;1;-81.92176;-89.92874;-8.006981
134;TSX_SHOCK;2;-81.78632;-89.80405;-8.017723
134;EAFE_SHOCK;3;-81.772545;-89.79622;-8.023674
134;DEX_SHOCK;4;-81.97286;-89.98073;-8.007866
135;BASE;0;-29.762081;-31.310112;-1.5480309
135;SP500_SHOCK;1;-29.88285;-31.886621;-2.0037708
135;TSX_SHOCK;2;-29.789057;-31.429007;-1.6399498
135;EAFE_SHOCK;3;-29.76727;-31.33296;-1.565691
135;DEX_SHOCK;4;-29.773575;-31.345934;-1.5723591
136;BASE;0;-121.244286;-115.498375;5.7459106
136;SP500_SHOCK;1;-120.67391;-115.164276;5.509636
136;TSX_SHOCK;2;-121.16671;-115.45344;5.713272
136;EAFE_SHOCK;3;-120.87817;-115.27586;5.6023026
136;DEX_SHOCK;4;-120.93825;-115.348526;5.5897217
137;BASE;0;-17.599194;-17.848207;-0.2490139
137;SP500_SHOCK;1;-17.606474;-17.928465;-0.32199097
137;TSX_SHOCK;2;-17.601583;-17.879868;-0.27828407
137;EAFE_SHOCK;3;-17.599548;-17.852694;-0.25314522
137;DEX_SHOCK;4;-17.601454;-17.868414;-0.26696014
138;BASE;0;703.95374;522.2658;-181.68793
138;SP500_SHOCK;1;693.0008;516.16675;-176.83405
138;TSX_SHOCK;2;694.82574;517.0032;-177.82257
138;EAFE_SHOCK;3;696.42236;517.9978;-178.42456
138;DEX_SHOCK;4;688.2065;513.7321;-174.47437
139;BASE;0;-10.69592;-14.392617;-3.6966972
139;SP500_SHOCK;1;-11.017827;-15.01459;-3.9967632
139;TSX_SHOCK;2;-10.748572;-14.501238;-3.7526655
139;EAFE_SHOCK;3;-10.745058;-14.4928875;-3.7478294
139;DEX_SHOCK;4;-10.863595;-14.707761;-3.8441658
140;BASE;0;-25.624542;-32.07931;-6.454769
140;SP500_SHOCK;1;-25.814724;-33.783848;-7.969124
140;TSX_SHOCK;2;-25.698591;-32.849842;-7.151251
140;EAFE_SHOCK;3;-25.659773;-32.42084;-6.7610683
140;DEX_SHOCK;4;-25.68693;-32.52299;-6.8360615
141;BASE;0;-34.180645;-44.659943;-10.479298
141;SP500_SHOCK;1;-35.143948;-45.531532;-10.387585
141;TSX_SHOCK;2;-34.63871;-45.056824;-10.418114
141;EAFE_SHOCK;3;-34.292652;-44.757374;-10.464722
141;DEX_SHOCK;4;-35.075214;-45.51594;-10.440727
142;BASE;0;-10.224302;-10.325802;-0.10149956
142;SP500_SHOCK;1;-10.237898;-10.354597;-0.11669922
142;TSX_SHOCK;2;-10.224302;-10.325802;-0.10149956
142;EAFE_SHOCK;3;-10.227138;-10.331133;-0.10399532
142;DEX_SHOCK;4;-10.228306;-10.333966;-0.10566044
143;BASE;0;-6.115059;-6.1824217;-0.067362785
143;SP500_SHOCK;1;-6.115059;-6.1824217;-0.067362785
143;TSX_SHOCK;2;-6.133677;-6.196501;-0.06282377
143;EAFE_SHOCK;3;-6.115059;-6.1824217;-0.067362785
143;DEX_SHOCK;4;-6.115059;-6.1824217;-0.067362785
144;BASE;0;-12.941732;-14.111825;-1.1700926
144;SP500_SHOCK;1;-12.941732;-14.111825;-1.1700926
144;TSX_SHOCK;2;-13.27505;-14.330879;-1.055829
144;EAFE_SHOCK;3;-12.941732;-14.111825;-1.1700926
144;DEX_SHOCK;4;-12.941732;-14.111825;-1.1700926
145;BASE;0;-6.994799;-7.3089;-0.31410074
145;SP500_SHOCK;1;-6.994799;-7.3089;-0.31410074
145;TSX_SHOCK;2;-7.08454;-7.367233;-0.2826929
145;EAFE_SHOCK;3;-6.994799;-7.3089;-0.31410074
145;DEX_SHOCK;4;-6.994799;-7.3089;-0.31410074
146;BASE;0;-15.162814;-15.174859;-0.012044907
146;SP500_SHOCK;1;-15.162814;-15.174859;-0.012044907
146;TSX_SHOCK;2;-15.16625;-15.177101;-0.010850906
146;EAFE_SHOCK;3;-15.162814;-15.174859;-0.012044907
146;DEX_SHOCK;4;-15.162814;-15.174859;-0.012044907
147;BASE;0;-6.8252783;-6.9626665;-0.13738823
147;SP500_SHOCK;1;-6.8252783;-6.9626665;-0.13738823
147;TSX_SHOCK;2;-6.8642564;-6.988754;-0.12449741
147;EAFE_SHOCK;3;-6.8252783;-6.9626665;-0.13738823
147;DEX_SHOCK;4;-6.8252783;-6.9626665;-0.13738823
148;BASE;0;-2.2233138;-2.226621;-0.003307104
148;SP500_SHOCK;1;-2.2233138;-2.226621;-0.003307104
148;TSX_SHOCK;2;-2.2233138;-2.226621;-0.003307104
148;EAFE_SHOCK;3;-2.2239265;-2.2291236;-0.005197048
148;DEX_SHOCK;4;-2.2233138;-2.226621;-0.003307104
149;BASE;0;17.188671;-20.285368;-37.474037
149;SP500_SHOCK;1;14.633195;-22.833359;-37.466553
149;TSX_SHOCK;2;15.334325;-22.094687;-37.429012
149;EAFE_SHOCK;3;15.54307;-21.9103;-37.45337
149;DEX_SHOCK;4;15.08535;-22.420498;-37.505848
150;BASE;0;-13.383491;-13.977825;-0.5943346
150;SP500_SHOCK;1;-13.384558;-13.990603;-0.6060457
150;TSX_SHOCK;2;-13.386173;-14.013605;-0.62743187
150;EAFE_SHOCK;3;-13.386423;-14.012539;-0.6261158
150;DEX_SHOCK;4;-13.392942;-14.067647;-0.67470455
151;BASE;0;-81.88583;-81.721085;0.16474915
151;SP500_SHOCK;1;-81.77787;-81.86057;-0.08270264
151;TSX_SHOCK;2;-81.82728;-81.77229;0.054985046
151;EAFE_SHOCK;3;-81.868004;-81.738075;0.12992859
151;DEX_SHOCK;4;-81.85548;-81.80352;0.051956177
152;BASE;0;-163.42914;-154.35585;9.073288
152;SP500_SHOCK;1;-162.64896;-154.11232;8.536636
152;TSX_SHOCK;2;-162.4149;-153.86552;8.549377
152;EAFE_SHOCK;3;-163.02394;-154.20485;8.819092
152;DEX_SHOCK;4;-162.99948;-154.32474;8.674744
153;BASE;0;-39.6745;-46.828785;-7.1542854
153;SP500_SHOCK;1;-40.249985;-47.464104;-7.214119
153;TSX_SHOCK;2;-40.14852;-47.324207;-7.175686
153;EAFE_SHOCK;3;-39.78521;-46.947575;-7.162365
153;DEX_SHOCK;4;-39.81815;-46.992603;-7.1744537
154;BASE;0;-105.620636;-109.65135;-4.030716
154;SP500_SHOCK;1;-106.06506;-110.858734;-4.7936707
154;TSX_SHOCK;2;-105.7224;-109.90831;-4.185913
154;EAFE_SHOCK;3;-105.63791;-109.703636;-4.065727
154;DEX_SHOCK;4;-105.66719;-109.74955;-4.0823593
155;BASE;0;-50.852516;-51.28226;-0.42974472
155;SP500_SHOCK;1;-50.88729;-51.40528;-0.5179901
155;TSX_SHOCK;2;-50.856556;-51.2936;-0.43704224
155;EAFE_SHOCK;3;-50.85561;-51.292908;-0.43729782
155;DEX_SHOCK;4;-50.8688;-51.323162;-0.45436096
156;BASE;0;-3.744219;-7.2525883;-3.5083692
156;SP500_SHOCK;1;-3.744219;-7.2525883;-3.5083692
156;TSX_SHOCK;2;-4.588106;-8.220033;-3.6319265
156;EAFE_SHOCK;3;-3.744219;-7.2525883;-3.5083692
156;DEX_SHOCK;4;-3.744219;-7.2525883;-3.5083692
157;BASE;0;-19.804373;-20.109043;-0.30467033
157;SP500_SHOCK;1;-19.796911;-20.178871;-0.38195992
157;TSX_SHOCK;2;-19.797977;-20.161888;-0.36391068
157;EAFE_SHOCK;3;-19.800953;-20.138048;-0.33709526
157;DEX_SHOCK;4;-19.788887;-20.29483;-0.5059433
158;BASE;0;-64.28797;-73.38078;-9.092812
158;SP500_SHOCK;1;-64.723785;-75.10528;-10.381493
158;TSX_SHOCK;2;-64.36525;-73.6629;-9.297653
158;EAFE_SHOCK;3;-64.392166;-73.80151;-9.409348
158;DEX_SHOCK;4;-64.571594;-74.24386;-9.672264
159;BASE;0;-49.971638;-55.188713;-5.2170753
159;SP500_SHOCK;1;-50.026234;-55.400993;-5.3747597
159;TSX_SHOCK;2;-50.040306;-55.48103;-5.4407234
159;EAFE_SHOCK;3;-50.11293;-55.78273;-5.6698
159;DEX_SHOCK;4;-49.971638;-55.188713;-5.2170753
160;BASE;0;-54.300343;-54.25516;0.045181274
160;SP500_SHOCK;1;-54.26175;-54.2916;-0.029850006
160;TSX_SHOCK;2;-54.25198;-54.26062;-0.008640289
160;EAFE_SHOCK;3;-54.28863;-54.26315;0.025482178
160;DEX_SHOCK;4;-54.296925;-54.27993;0.016994476
161;BASE;0;-137.23451;-122.42241;14.812103
161;SP500_SHOCK;1;-135.06548;-121.75033;13.315147
161;TSX_SHOCK;2;-136.47925;-122.170074;14.309174
161;EAFE_SHOCK;3;-136.52644;-122.19515;14.331291
161;DEX_SHOCK;4;-136.77301;-122.33502;14.437988
162;BASE;0;-38.68884;-39.008305;-0.31946564
162;SP500_SHOCK;1;-38.658234;-39.134995;-0.47676086
162;TSX_SHOCK;2;-38.66926;-39.08659;-0.4173317
162;EAFE_SHOCK;3;-38.67055;-39.086258;-0.41570663
162;DEX_SHOCK;4;-38.648094;-39.24512;-0.5970268
163;BASE;0;-22.279411;-22.900137;-0.62072563
163;SP500_SHOCK;1;-22.268517;-23.014675;-0.7461586
163;TSX_SHOCK;2;-22.274038;-22.950436;-0.6763973
163;EAFE_SHOCK;3;-22.275171;-22.94313;-0.6679592
163;DEX_SHOCK;4;-22.266443;-22.986732;-0.72028923
164;BASE;0;-37.83496;-38.8444;-1.0094376
164;SP500_SHOCK;1;-37.84832;-38.903522;-1.0552025
164;TSX_SHOCK;2;-37.84452;-38.886677;-1.0421562
164;EAFE_SHOCK;3;-37.847393;-38.90053;-1.0531387
164;DEX_SHOCK;4;-37.870487;-38.991856;-1.1213684
165;BASE;0;-55.88215;-64.191086;-8.308937
165;SP500_SHOCK;1;-56.53135;-65.36657;-8.83522
165;TSX_SHOCK;2;-56.24947;-64.8711;-8.621632
165;EAFE_SHOCK;3;-55.929523;-64.27808;-8.34856
165;DEX_SHOCK;4;-55.98125;-64.362434;-8.381184
166;BASE;0;-38.354855;-94.29739;-55.94254
166;SP500_SHOCK;1;-44.215466;-108.776;-64.56053
166;TSX_SHOCK;2;-38.526432;-94.791664;-56.265232
166;EAFE_SHOCK;3;-39.096565;-96.458954;-57.36239
166;DEX_SHOCK;4;-38.77974;-95.41621;-56.636467
167;BASE;0;-54.273575;-59.10831;-4.834736
167;SP500_SHOCK;1;-55.000805;-60.03137;-5.0305634
167;TSX_SHOCK;2;-54.591667;-59.480095;-4.8884277
167;EAFE_SHOCK;3;-54.282894;-59.12077;-4.8378754
167;DEX_SHOCK;4;-54.328724;-59.18337;-4.854645
168;BASE;0;-7.735085;-11.250128;-3.5150428
168;SP500_SHOCK;1;-7.92095;-12.26346;-4.34251
168;TSX_SHOCK;2;-7.784361;-11.498055;-3.7136946
168;EAFE_SHOCK;3;-7.767391;-11.414502;-3.647111
168;DEX_SHOCK;4;-7.7940445;-11.545274;-3.7512293
169;BASE;0;-7.828819;-8.011062;-0.18224287
169;SP500_SHOCK;1;-7.8205233;-8.064681;-0.24415779
169;TSX_SHOCK;2;-7.8203382;-8.063216;-0.24287796
169;EAFE_SHOCK;3;-7.8252773;-8.03292;-0.20764256
169;DEX_SHOCK;4;-7.8101196;-8.156203;-0.34608364
170;BASE;0;-244.70007;-185.0118;59.68828
170;SP500_SHOCK;1;-238.8102;-181.59904;57.21115
170;TSX_SHOCK;2;-240.37085;-182.42706;57.943787
170;EAFE_SHOCK;3;-242.29297;-183.5942;58.698776
170;DEX_SHOCK;4;-239.72305;-182.25389;57.469162
171;BASE;0;-41.610092;-53.41882;-11.808727
171;SP500_SHOCK;1;-43.447346;-55.1778;-11.7304535
171;TSX_SHOCK;2;-42.0549;-53.841263;-11.786362
171;EAFE_SHOCK;3;-41.719658;-53.520187;-11.8005295
171;DEX_SHOCK;4;-41.840466;-53.641457;-11.800991
172;BASE;0;-11.796597;-16.114096;-4.317499
172;SP500_SHOCK;1;-12.011495;-16.592674;-4.5811796
172;TSX_SHOCK;2;-11.871051;-16.293959;-4.422908
172;EAFE_SHOCK;3;-11.866245;-16.279531;-4.413286
172;DEX_SHOCK;4;-11.912708;-16.36606;-4.453352
173;BASE;0;-36.577244;-37.98898;-1.4117355
173;SP500_SHOCK;1;-36.6295;-38.149456;-1.5199547
173;TSX_SHOCK;2;-36.616688;-38.289894;-1.6732063
173;EAFE_SHOCK;3;-36.585552;-38.01719;-1.4316368
173;DEX_SHOCK;4;-36.582096;-38.00229;-1.4201927
174;BASE;0;-13.687731;-14.081359;-0.39362812
174;SP500_SHOCK;1;-13.637157;-14.3215;-0.6843424
174;TSX_SHOCK;2;-13.649118;-14.24578;-0.59666157
174;EAFE_SHOCK;3;-13.668258;-14.16524;-0.49698257
174;DEX_SHOCK;4;-13.636951;-14.355167;-0.71821594
175;BASE;0;-32.996777;-43.77853;-10.781754
175;SP500_SHOCK;1;-34.954674;-45.662445;-10.707771
175;TSX_SHOCK;2;-33.080963;-43.859695;-10.778732
175;EAFE_SHOCK;3;-33.165386;-43.936024;-10.7706375
175;DEX_SHOCK;4;-33.219006;-44.003117;-10.784111
176;BASE;0;-105.045235;-105.74599;-0.70075226
176;SP500_SHOCK;1;-104.930084;-106.01379;-1.0837021
176;TSX_SHOCK;2;-105.01946;-105.81148;-0.7920151
176;EAFE_SHOCK;3;-105.0155;-105.80328;-0.78778076
176;DEX_SHOCK;4;-105.06597;-105.94099;-0.87501526
177;BASE;0;-37.401516;-40.78332;-3.3818054
177;SP500_SHOCK;1;-37.492466;-41.071625;-3.5791588
177;TSX_SHOCK;2;-37.471027;-41.01722;-3.5461922
177;EAFE_SHOCK;3;-37.43397;-40.89022;-3.4562492
177;DEX_SHOCK;4;-37.589054;-41.332382;-3.743328
178;BASE;0;121.81435;58.681686;-63.13266
178;SP500_SHOCK;1;113.847374;53.444725;-60.40265
178;TSX_SHOCK;2;119.011375;56.838013;-62.173363
178;EAFE_SHOCK;3;115.44606;54.485287;-60.960773
178;DEX_SHOCK;4;121.02434;58.156757;-62.86758
179;BASE;0;-140.13434;-134.2078;5.926544
179;SP500_SHOCK;1;-139.60844;-133.96643;5.6420135
179;TSX_SHOCK;2;-139.86313;-134.07446;5.788666
179;EAFE_SHOCK;3;-139.73805;-134.00967;5.7283783
179;DEX_SHOCK;4;-139.7387;-134.11232;5.6263733
180;BASE;0;-5.5561867;-6.3520384;-0.7958517
180;SP500_SHOCK;1;-5.6143713;-6.5875177;-0.97314644
180;TSX_SHOCK;2;-5.566902;-6.405644;-0.8387418
180;EAFE_SHOCK;3;-5.5582023;-6.3628983;-0.8046961
180;DEX_SHOCK;4;-5.559152;-6.3656964;-0.8065443
181;BASE;0;-99.31109;-85.155525;14.155563
181;SP500_SHOCK;1;-96.05695;-83.54838;12.508575
181;TSX_SHOCK;2;-98.56245;-84.78173;13.780716
181;EAFE_SHOCK;3;-99.15787;-85.0807;14.077164
181;DEX_SHOCK;4;-99.145874;-85.08964;14.056236
182;BASE;0;-106.978485;-107.3053;-0.32681274
182;SP500_SHOCK;1;-106.80069;-107.55565;-0.7549591
182;TSX_SHOCK;2;-106.779625;-107.36078;-0.58115387
182;EAFE_SHOCK;3;-106.973465;-107.309326;-0.3358612
182;DEX_SHOCK;4;-106.9794;-107.538765;-0.5593643
183;BASE;0;-72.78276;-67.44754;5.3352203
183;SP500_SHOCK;1;-72.30745;-67.41255;4.8948975
183;TSX_SHOCK;2;-72.74888;-67.445244;5.3036346
183;EAFE_SHOCK;3;-72.319916;-67.40333;4.916588
183;DEX_SHOCK;4;-72.16888;-67.44278;4.726097
184;BASE;0;-5.7971773;-29.43845;-23.641273
184;SP500_SHOCK;1;-9.344695;-32.130825;-22.786129
184;TSX_SHOCK;2;-7.48916;-30.693018;-23.203857
184;EAFE_SHOCK;3;-5.981902;-29.576487;-23.594585
184;DEX_SHOCK;4;-6.178628;-29.741043;-23.562416
185;BASE;0;-42.2309;-42.950768;-0.7198677
185;SP500_SHOCK;1;-42.2309;-42.950768;-0.7198677
185;TSX_SHOCK;2;-42.2309;-42.950768;-0.7198677
185;EAFE_SHOCK;3;-42.2309;-42.950768;-0.7198677
185;DEX_SHOCK;4;-42.2309;-42.950768;-0.7198677
186;BASE;0;-22.090845;-23.096287;-1.0054417
186;SP500_SHOCK;1;-22.103502;-23.20122;-1.0977173
186;TSX_SHOCK;2;-22.099125;-23.170654;-1.0715294
186;EAFE_SHOCK;3;-22.094221;-23.12546;-1.0312386
186;DEX_SHOCK;4;-22.124546;-23.336637;-1.2120914
187;BASE;0;-12.009389;-12.040381;-0.030992508
187;SP500_SHOCK;1;-12.009093;-12.046501;-0.037407875
187;TSX_SHOCK;2;-12.009188;-12.04409;-0.034902573
187;EAFE_SHOCK;3;-12.009144;-12.045142;-0.035998344
187;DEX_SHOCK;4;-12.009238;-12.046162;-0.03692341
188;BASE;0;-20.859911;-24.815044;-3.9551334
188;SP500_SHOCK;1;-20.877821;-24.88694;-4.009119
188;TSX_SHOCK;2;-20.906233;-24.998842;-4.0926094
188;EAFE_SHOCK;3;-20.907629;-24.999971;-4.0923424
188;DEX_SHOCK;4;-20.991854;-25.298925;-4.3070717
189;BASE;0;-27.910465;-39.321247;-11.410782
189;SP500_SHOCK;1;-29.466084;-40.63429;-11.168205
189;TSX_SHOCK;2;-28.595457;-39.87712;-11.281664
189;EAFE_SHOCK;3;-28.062185;-39.44515;-11.382963
189;DEX_SHOCK;4;-28.127148;-39.512447;-11.3853
190;BASE;0;-62.897713;-67.48773;-4.590019
190;SP500_SHOCK;1;-63.115326;-68.5032;-5.387871
190;TSX_SHOCK;2;-62.78077;-68.58476;-5.803993
190;EAFE_SHOCK;3;-62.927845;-67.70373;-4.7758827
190;DEX_SHOCK;4;-62.897713;-67.48773;-4.590019
191;BASE;0;-22.45718;-42.206123;-19.748943
191;SP500_SHOCK;1;-24.69388;-43.865124;-19.171244
191;TSX_SHOCK;2;-23.492771;-42.958355;-19.465584
191;EAFE_SHOCK;3;-22.906004;-42.53456;-19.628557
191;DEX_SHOCK;4;-23.329948;-42.88576;-19.555813
192;BASE;0;-28.65016;-35.338238;-6.688078
192;SP500_SHOCK;1;-29.376297;-36.910397;-7.5340996
192;TSX_SHOCK;2;-28.736803;-35.533245;-6.796442
192;EAFE_SHOCK;3;-28.72591;-35.510475;-6.784565
192;DEX_SHOCK;4;-28.773354;-35.589455;-6.816101
193;BASE;0;-65.94013;-63.089237;2.850895
193;SP500_SHOCK;1;-65.60697;-62.9794;2.627571
193;TSX_SHOCK;2;-65.774025;-63.02379;2.7502365
193;EAFE_SHOCK;3;-65.82688;-63.046543;2.7803383
193;DEX_SHOCK;4;-65.72495;-63.046013;2.6789398
194;BASE;0;-7.370242;-7.6928134;-0.32257128
194;SP500_SHOCK;1;-7.3726516;-7.700686;-0.3280344
194;TSX_SHOCK;2;-7.408847;-7.820962;-0.4121151
194;EAFE_SHOCK;3;-7.3709173;-7.694922;-0.32400465
194;DEX_SHOCK;4;-7.371746;-7.697526;-0.3257799
195;BASE;0;-26.088839;-33.434452;-7.3456135
195;SP500_SHOCK;1;-26.433813;-33.70104;-7.2672253
195;TSX_SHOCK;2;-26.56226;-33.78189;-7.219631
195;EAFE_SHOCK;3;-26.384165;-33.658886;-7.274721
195;DEX_SHOCK;4;-26.578918;-33.8312;-7.252281
196;BASE;0;-8.107118;-10.634572;-2.5274544
196;SP500_SHOCK;1;-8.336971;-11.022014;-2.6850424
196;TSX_SHOCK;2;-8.137418;-10.692553;-2.5551348
196;EAFE_SHOCK;3;-8.171943;-10.754012;-2.5820694
196;DEX_SHOCK;4;-8.147327;-10.707314;-2.559986
197;BASE;0;74.07776;16.91301;-57.16475
197;SP500_SHOCK;1;72.47594;15.819372;-56.656563
197;TSX_SHOCK;2;70.81289;14.713527;-56.09936
197;EAFE_SHOCK;3;71.719826;15.31038;-56.409447
197;DEX_SHOCK;4;69.833626;13.9517;-55.881927
198;BASE;0;-44.090954;-46.50457;-2.4136162
198;SP500_SHOCK;1;-44.094727;-46.782642;-2.6879158
198;TSX_SHOCK;2;-44.090923;-46.72282;-2.631897
198;EAFE_SHOCK;3;-44.09181;-46.616932;-2.5251236
198;DEX_SHOCK;4;-44.13636;-47.691723;-3.5553627
199;BASE;0;-12.872225;-16.377537;-3.505312
199;SP500_SHOCK;1;-12.920709;-16.636084;-3.715375
199;TSX_SHOCK;2;-12.910257;-16.59928;-3.689022
199;EAFE_SHOCK;3;-12.891226;-16.484928;-3.5937023
199;DEX_SHOCK;4;-12.985232;-16.885134;-3.8999014
200;BASE;0;-105.6635;-105.16124;0.5022583
200;SP500_SHOCK;1;-105.63808;-105.19396;0.44411469
200;TSX_SHOCK;2;-105.5513;-105.25358;0.29772186
200;EAFE_SHOCK;3;-105.586815;-105.25016;0.33665466
200;DEX_SHOCK;4;-105.50247;-105.4073;0.09516907
