ID_COMPTE;DELTA_SP500_RESERVE;DELTA_TSX_RESERVE;DELTA_EAFE_RESERVE;DELTA_DEX_RESERVE;DELTA_SP500_CAPITAL;DELTA_TSX_CAPITAL;DELTA_EAFE_CAPITAL;DELTA_DEX_CAPITAL
1;-0.085048676;-0.033241272;-0.013587952;-0.046287537;-0.38212585;-0.17333603;-0.06761551;-0.15254211
2;-0.5407238;-0.054510117;-0.059440613;-0.08093643;-1.5101719;-0.1563282;-0.17648888;-0.20272255
3;-0.1037941;-0.13307571;-0.09516525;-0.2966385;-0.1567688;-0.1856041;-0.13959122;-0.4789009
4;-4.0982857;-3.0428886;-0.946167;-4.3026657;-2.7390099;-2.0239182;-0.63285065;-2.9344082
5;1.4880066;1.622345;0.502121;0.9964905;0.4583435;0.68263245;0.17723083;0.1933136
6;-2.7634897;-1.487834;-0.25998402;-0.85627174;-3.2376251;-1.6426506;-0.2956848;-1.0380974
7;-0.56007385;-0.24709702;-0.39196587;-0.17611122;-0.47956085;-0.20541763;-0.3271141;-0.16571808
8;-0.0076293945;0.009231567;0.0012435913;-0.06905365;-0.4119873;-0.17633057;-0.060897827;-0.36923218
9;-0.2256546;-0.1833229;-0.22420883;-0.50707245;-0.23741913;-0.17857361;-0.23038864;-0.560894
10;-0.004886627;0.0017662048;-0.00020599365;-0.011436462;-0.11069107;-0.07515335;-0.026119232;-0.09354019
11;-1.2094345;-0.24778748;-0.3180542;-0.58296967;-0.95233154;-0.19603729;-0.24679565;-0.51721954
12;-2.4016914;-0.4421425;-0.97885895;-0.9057045;-6.603737;-1.3367996;-2.9358597;-2.377945
13;0.0317688;0.011024475;0.019371033;0.019447327;-0.21404266;-0.06800842;-0.115226746;-0.30361938
14;0.07859039;0.0058059692;0.015655518;0.0058898926;0.0033798218;-0.0040512085;0.0009384155;-0.035614014
15;0.39180756;0.028083801;0.38511658;0.49948883;0.19572449;0.013656616;0.200943;0.20290375
16;-0.045448303;-0.010604858;-0.012084961;-0.022172928;-0.25351715;-0.06536865;-0.073970795;-0.10980415
17;-2.5469398;-1.0272369;-1.0170631;-2.9548264;-25.276855;-11.34816;-11.158005;-21.534286
18;-0.8430176;-0.16764832;-0.03250122;-0.06821442;-2.8241653;-0.6047592;-0.11932373;-0.18058014
19;-0.021678925;-0.012893677;-0.0065250397;-0.014888763;-0.126997;-0.08521652;-0.038434982;-0.07401848
20;0.43211365;0.049263;0.07922363;-0.10094452;-3.2487335;-0.40847015;-0.34420776;-0.5581207
21;-0.102838516;-0.013519287;-0.019216537;-0.05024147;-0.4325695;-0.0522995;-0.08330345;-0.16768074
22;-0.28069496;-0.048332214;-0.049785614;-0.20510101;-0.8418064;-0.14796257;-0.15540314;-0.529129
23;0.0;0.0;-0.026973724;0.0;0.0;0.0;-0.017532349;0.0
24;0.023109436;0.06951523;0.06397247;0.15054321;-0.03199768;-0.07543945;-0.081150055;-0.2214508
25;0.029037476;0.018913269;0.023399353;0.021461487;0.017753601;0.010879517;0.01612854;-0.0036621094
26;-0.14072418;-0.035591125;-0.07157898;-0.14585114;-0.3190384;-0.07333374;-0.15251923;-0.33257294
27;0.4587555;0.42433167;0.19889832;0.16497803;-0.44033813;-0.19275665;-0.15040588;-0.5027695
28;-6.25021;-3.2110405;-0.7871094;-1.2643738;-14.609589;-8.301727;-1.9133911;-2.6457672
29;-0.025497437;-0.002090454;-0.016983032;-0.08627319;-0.38599396;-0.027015686;-0.35235596;-0.6130066
30;0.0046463013;0.00655365;0.0034103394;-0.0037841797;-0.0765686;-0.053375244;-0.04008484;-0.40327454
31;-5.682022;-2.6312408;-0.7384949;-1.2746277;-3.6540432;-1.695137;-0.47595215;-0.82416916
32;-0.010732651;-0.007293701;-0.0018939972;-0.006635666;-0.115571976;-0.10461235;-0.022724152;-0.05993271
33;0.12844086;0.078437805;0.043678284;0.015785217;-0.18042755;-0.07102203;-0.051765442;-0.21455383
34;-0.18747711;-0.031799316;-0.05025482;-0.12244415;-0.4545822;-0.06124878;-0.10810089;-0.2525177
35;-0.2875557;-0.09277344;-0.017997742;-0.08683777;-1.0485001;-0.32688522;-0.06397247;-0.2790184
36;-0.027236938;-0.00806427;-0.013656616;-0.06271744;-0.22406387;-0.17282486;-0.1486702;-0.30444336
37;-1.1529999;-1.1085434;-0.23085022;-0.19384003;-3.4523544;-4.7016983;-0.75309753;-0.5090637
38;-17.422699;-52.78131;-21.2753;-33.856262;-12.53307;-39.727192;-15.438839;-24.096317
39;0.117687225;0.20553207;0.15285873;0.1748085;-0.019180298;0.030406952;-0.0051574707;-0.12859344
40;-0.31516075;-0.91984546;-0.86810756;-2.1115599;-0.23393631;-0.65976906;-0.6348152;-1.6100693
41;-0.575119;-0.12722015;-0.024963379;-0.046173096;-0.9374237;-0.19939423;-0.03957367;-0.06958008
42;-0.39657593;-0.14361572;-0.103507996;-0.27799225;-1.5361023;-0.5714798;-0.41827393;-0.8195114
43;-0.017261505;-0.0014801025;-0.012180328;-0.054576874;-0.43219376;-0.029109955;-0.40247345;-0.63772583
44;-1.0661755;-0.38538933;-0.3571415;-0.69589996;-4.041622;-1.6144447;-1.4774208;-2.525753
45;0.70118713;0.66295624;0.12017059;1.1648407;0.19274902;0.21421814;0.03514862;0.29787445
46;-1.4556961;-0.7720833;-0.20459366;-0.2342453;-1.2788239;-0.6548004;-0.1747818;-0.21603775
47;40.825928;3.4625854;10.750122;17.803406;24.23993;2.041809;6.4490356;9.94043
48;0.41607666;0.18569183;0.07254028;0.028213501;-0.40628815;-0.115364075;-0.049308777;-0.16428375
49;-0.9771395;-0.45786572;-0.095541954;-0.12315464;-3.8240433;-2.0185013;-0.4099388;-0.45816803
50;-0.0033435822;-0.009294033;-0.009689331;-0.030369759;-0.048347473;-0.13449287;-0.13128853;-0.31777573
51;0.030742645;0.057819366;0.013092041;0.0019607544;-0.24547958;-0.1967926;-0.0703392;-0.085048676
52;-0.23394394;-0.0073890686;-0.015396118;-0.067401886;-1.3293076;-0.6320267;-0.124313354;-0.1836319
53;-1.8204002;-3.255062;-0.26584244;-0.9345436;-2.2351913;-4.069336;-0.32752228;-1.1446152
54;-0.5987854;-0.28408432;-0.13619232;-0.24214172;-0.80717087;-0.36776352;-0.18120956;-0.32445145
55;0.65756226;0.56334686;0.2568817;0.9375763;-0.1391449;-0.025245667;-0.036338806;-0.44441986
56;9.328888;2.1755981;2.058319;2.5844727;4.6970825;1.1225586;1.0661621;0.8911438
57;-0.46775818;-0.3640976;-0.1956749;-0.19735718;-1.4591141;-1.6289291;-0.660614;-0.521698
58;-0.7227783;-0.36906433;-0.30485535;-1.076477;-1.4681091;-0.69784546;-0.5900879;-2.104721
59;1.1387177;2.2646484;0.6744995;1.6291962;0.66412354;1.4409637;0.40689087;0.90193176
60;1.3915787;0.5679703;0.19257355;0.1550827;0.0756073;0.059188843;0.0029907227;-0.040023804
61;-0.066856384;-0.16094208;-0.08640289;-0.17271423;-0.07244873;-0.13113403;-0.08744049;-0.21798706
62;0.010879517;0.007270813;0.009223938;0.007209778;-0.023246765;-0.0123176575;-0.016773224;-0.031383514
63;0.6926193;0.14727783;0.37761688;0.0958786;0.1616211;0.036514282;0.107284546;0.002456665
64;-11.402649;-7.885681;-4.4157715;-5.4757385;-7.189163;-4.9873505;-2.7966156;-3.4665375
65;-0.0005455017;-0.0002632141;-0.0002975464;-0.0010204315;-0.014499664;-0.007966995;-0.010690689;-0.016239166
66;0.09622574;0.09556198;0.06212616;0.24361801;-0.33563614;-0.24723816;-0.18136978;-1.5231934
67;-0.025215149;0.0;-0.0021743774;-0.022720337;-0.45160675;0.0;-0.046028137;-0.09728241
68;-1.3903923;-0.18344879;-0.061590195;-0.122270584;-1.9924698;-0.26244354;-0.088207245;-0.17898178
69;-0.006324768;-0.0033836365;-0.0042495728;-0.010131836;-0.044029236;-0.023651123;-0.032024384;-0.054676056
70;0.021045685;0.044807434;0.05157852;0.17671585;0.076221466;0.1943512;0.20033646;0.5341835
71;-0.0055236816;-0.0033035278;-0.0016021729;-0.03427124;-0.23071289;-0.05483246;-0.10572815;-0.26866913
72;0.12272644;0.031326294;0.024742126;0.020179749;-0.19419861;-0.050605774;-0.028968811;-0.16992188
73;0.09451294;0.124629974;0.053894043;-0.012458801;-1.4946098;-0.8932152;-0.5103874;-0.81175613
74;0.07272148;0.03988266;0.030410767;0.051006317;-0.511528;-0.24348068;-0.19318008;-0.46040535
75;-0.87442017;-0.7272339;-0.5052948;-0.7000656;-0.84171295;-0.6498718;-0.4700241;-0.7283249
76;0.74707794;0.22592926;0.16902924;0.19710541;-0.010147095;0.013618469;0.012268066;-0.083999634
77;0.027061224;0.0086147785;0.0012233257;0.0014433861;-0.026925325;-0.0062565804;-0.00086569786;-0.0013132095
78;0.33420563;0.07946777;0.19597626;0.25097656;-0.059776306;-0.014862061;-0.026153564;-0.13614655
79;-0.35827255;-0.12358093;-0.31105804;-0.2451706;-0.6286545;-0.21981812;-0.54761124;-0.39933777
80;0.09963226;0.071876526;0.039878845;0.051940918;0.052303314;0.05073929;0.025939941;0.003227234
81;0.3847046;0.0689621;0.1554985;0.21790695;-0.07157898;-0.007160187;-0.018829346;-0.077610016
82;1.5209656;2.4054031;0.55789185;0.7974014;0.5175781;1.1529999;0.21144867;0.17533875
83;0.1596756;0.30472565;0.0045776367;0.11338806;-0.038124084;0.11556244;-0.00038909912;-0.12689972
84;0.0015563965;0.22266388;0.0059432983;-0.034347534;-0.048355103;-0.22506714;-0.06335449;-0.45896912
85;-2.2473898;-0.41170597;-0.5592871;-1.5148611;-7.0486565;-1.3782616;-1.8781853;-4.471493
86;0.5811081;0.48080444;0.22271729;0.8488846;0.09251404;0.15312195;0.050712585;-0.063201904
87;-0.09995842;-0.050956726;-0.0049762726;-0.020019531;-0.35713387;-0.2154541;-0.027627945;-0.066516876
88;-0.1780777;-0.04320526;-0.021011353;-0.08849335;-0.8309326;-0.19197083;-0.10170746;-0.24640656
89;-0.015220642;-0.0063972473;-0.0076446533;-0.034664154;-0.120212555;-0.18476868;-0.07218933;-0.19156265
90;-0.26341248;-0.12337494;-0.02268982;-0.15725708;-0.7585144;-0.40876007;-0.071640015;-0.3852005
91;-0.07816315;-0.012554169;-0.0035743713;-0.022539139;-1.0710316;-0.39735222;-0.09308052;-0.21471596
92;-1.0333033;-0.29436493;-0.11507416;-0.16525745;-3.3890724;-1.0637684;-0.4200096;-0.5566273
93;-0.008441925;-0.0030441284;-0.0033073425;-0.022159576;-0.16156769;-0.03408432;-0.07432175;-0.1769371
94;0.003684044;0.003367424;0.0015563965;0.012143135;-0.050418854;-0.040880203;-0.018639565;-0.19378471
95;-1.7368282;-0.17782772;-0.24378324;-0.1984793;-4.900385;-0.5237808;-0.7228565;-0.56035614
96;-0.05399704;-0.25403214;-0.09889984;-0.14397049;-0.08233261;-0.35674667;-0.14803696;-0.22916031
97;-0.06737518;-0.1136837;-0.024662018;-0.059116364;-0.31959152;-0.637331;-0.1219635;-0.25404167
98;0.10977554;0.024349213;0.030910492;0.05747986;-0.22169876;-0.039848328;-0.045597076;-0.28608704
99;-0.10294342;0.0;0.0;0.0;-0.41698647;0.0;0.0;0.0
100;-2.9306335;-7.7745667;-3.1682434;-0.1343689;-2.0381775;-5.534729;-2.1994934;-0.11444092
101;-0.19045639;-0.058574677;-0.018230438;-0.040065765;-0.63362885;-0.23771286;-0.07193756;-0.12043762
102;-0.15789413;-0.118507385;-0.055908203;-0.08523178;-0.4412117;-0.42843628;-0.16501617;-0.20004272
103;-0.14978027;-0.22304153;-0.107437134;-0.16441727;-0.17650986;-0.23978043;-0.123104095;-0.20635223
104;-1.4946823;-0.14984512;-0.08282089;-0.1413002;-2.0899048;-0.21081543;-0.114982605;-0.19026947
105;0.006006241;0.004459381;0.002319336;0.010116577;-0.038202286;-0.02926445;-0.011068344;-0.074640274
106;-0.03690338;-0.0049037933;-0.000869751;-0.003211975;-0.61790466;-0.08503723;-0.017427444;-0.043611526
107;-0.086969376;-0.013563156;-0.014370918;-0.052615166;-0.24756813;-0.045523643;-0.048075676;-0.14754009
108;-0.39196777;-0.16317558;-0.05682373;-0.049938202;-0.70961;-0.30372238;-0.102134705;-0.08460426
109;-1.2442131;-0.064582825;-0.111328125;-0.076244354;-3.7632027;-0.2333374;-0.4066162;-0.22902298
110;0.09996796;0.040050507;0.045650482;-0.019294739;-2.6491013;-0.68195343;-0.6214905;-0.28146362
111;0.0;-0.03738308;0.0;0.0;0.0;-0.024302483;0.0;0.0
112;0.0;-0.031784058;0.0;0.0;0.0;-0.020658374;0.0;0.0
113;0.0;-0.12078953;0.0;0.0;0.0;-0.078514576;0.0;0.0
114;0.0;-0.42089462;-0.15400696;0.0;0.0;-0.27383423;-0.100162506;0.0
115;0.0;0.0;-1.4940968;0.0;0.0;0.0;-0.9752312;0.0
116;0.0;-0.008921146;0.0;0.0;0.0;-0.0057959557;0.0;0.0
117;0.05531311;0.044059753;0.033187866;0.06906891;-0.04962921;-0.022842407;-0.02507782;-0.106552124
118;-0.19097519;-0.052829742;-0.028656006;-0.20701218;-0.59446716;-0.14523315;-0.08357239;-0.60730743
119;-0.64694786;-0.12576675;-0.15158272;-0.66415596;-1.2635269;-0.26651192;-0.31847382;-1.2274799
120;0.0039596558;0.011684418;0.01096344;0.026060104;-0.0038318634;-0.011325836;-0.013393402;-0.04886055
121;-0.27742767;-0.13903046;-0.05014801;-0.10072327;-0.4915619;-0.23323822;-0.08433533;-0.17266083
122;0.71977234;4.6035004;1.0771179;0.58384705;0.21678162;2.2622223;0.35466003;-0.0766449
123;2.3136444;1.1164322;0.22196198;0.1088562;0.13648224;0.19503784;0.029045105;-0.014549255
124;0.04182625;0.038503647;0.016950607;0.044376373;-0.25877762;-0.17925072;-0.089258194;-0.48212814
125;0.032562256;0.09764099;0.09013367;0.21768951;0.0038070679;0.026985168;0.012031555;-0.05329132
126;-0.20266724;-0.07475281;-0.02765274;-0.31339645;-0.7911873;-0.34889984;-0.11596298;-0.9670105
127;-0.5150113;-2.3553271;-1.189961;-2.7897925;-0.6620865;-2.763401;-1.4875336;-3.7571144
128;0.0016517639;0.004802704;0.0010147095;-0.027599335;-0.035476685;-0.012382507;-0.009239197;-0.12644577
129;0.07853699;0.08869934;0.0019989014;0.0086631775;-0.14896393;-0.08380127;-0.0036239624;-0.03691101
130;-6.883213;-0.8585663;-1.4319038;-1.6105042;-4.788276;-0.599174;-0.9958463;-1.1578221
131;-1.0335579;-1.7944794;-0.6120796;-1.0045776;-0.6451111;-1.154047;-0.38570404;-0.6213207
132;-0.09439087;-0.027786255;-0.015563965;-0.06259918;-0.34727478;-0.077186584;-0.050476074;-0.14945221
133;-0.18862915;-0.085422516;-0.0587101;-0.124874115;-1.2380066;-0.6394558;-0.4221897;-0.7327976
134;-0.45205688;-0.31661987;-0.3028412;-0.50315857;-0.40065765;-0.27596283;-0.26813507;-0.45264435
135;-0.1207695;-0.026975632;-0.0051879883;-0.011493683;-0.5765095;-0.11889458;-0.02284813;-0.035821915
136;0.57037354;0.07757568;0.36611938;0.3060379;0.33409882;0.044937134;0.22251129;0.14984894
137;-0.0072803497;-0.0023899078;-0.00035476685;-0.0022602081;-0.080257416;-0.03166008;-0.004486084;-0.020206451
138;-10.952942;-9.127991;-7.531372;-15.747253;-6.09906;-5.2626343;-4.2680054;-8.533691
139;-0.32190704;-0.05265236;-0.04913807;-0.16767502;-0.62197304;-0.10862064;-0.10027027;-0.3151436
140;-0.19018173;-0.074048996;-0.035230637;-0.062387466;-1.7045364;-0.7705307;-0.34152985;-0.4436798
141;-0.9633026;-0.45806503;-0.11200714;-0.8945694;-0.87158966;-0.3968811;-0.09743118;-0.855999
142;-0.013595581;0.0;-0.0028352737;-0.004003525;-0.028795242;0.0;-0.0053310394;-0.008164406
143;0.0;-0.018618107;0.0;0.0;0.0;-0.014079094;0.0;0.0
144;0.0;-0.33331776;0.0;0.0;0.0;-0.21905422;0.0;0.0
145;0.0;-0.08974075;0.0;0.0;0.0;-0.05833292;0.0;0.0
146;0.0;-0.0034360886;0.0;0.0;0.0;-0.0022420883;0.0;0.0
147;0.0;-0.0389781;0.0;0.0;0.0;-0.026087284;0.0;0.0
148;0.0;0.0;-0.00061273575;0.0;0.0;0.0;-0.0025026798;0.0
149;-2.5554762;-1.8543463;-1.6456013;-2.103321;-2.5479908;-1.8093185;-1.6249313;-2.13513
150;-0.0010671616;-0.0026826859;-0.0029325485;-0.009451866;-0.012778282;-0.035779953;-0.034713745;-0.089821815
151;0.10796356;0.058555603;0.017829895;0.03035736;-0.13948822;-0.051208496;-0.016990662;-0.08243561
152;0.7801819;1.0142365;0.40519714;0.42965698;0.24353027;0.49032593;0.15100098;0.03111267
153;-0.5754852;-0.4740219;-0.110710144;-0.14365005;-0.63531876;-0.49542236;-0.11878967;-0.16381836
154;-0.4444275;-0.101760864;-0.01727295;-0.046554565;-1.2073822;-0.256958;-0.05228424;-0.09819794
155;-0.03477478;-0.0040397644;-0.0030937195;-0.016284943;-0.12302017;-0.01133728;-0.01064682;-0.040901184
156;0.0;-0.8438871;0.0;0.0;0.0;-0.9674444;0.0;0.0
157;0.007461548;0.00639534;0.003419876;0.015485764;-0.06982803;-0.052845;-0.02900505;-0.1857872
158;-0.4358139;-0.07727814;-0.10419464;-0.28362274;-1.7244949;-0.28211975;-0.4207306;-0.86307526
159;-0.054595947;-0.068668365;-0.14129257;0.0;-0.21228027;-0.29231644;-0.594017;0.0
160;0.038593292;0.048362732;0.011711121;0.0034179688;-0.03643799;-0.005458832;-0.007987976;-0.02476883
161;2.1690369;0.7552643;0.70806885;0.46150208;0.672081;0.2523346;0.22725677;0.087387085
162;0.030605316;0.019580841;0.018287659;0.04074478;-0.12668991;-0.07828522;-0.07795334;-0.2368164
163;0.010894775;0.005373001;0.004240036;0.012968063;-0.11453819;-0.05029869;-0.042993546;-0.086595535
164;-0.01335907;-0.009559631;-0.012432098;-0.035526276;-0.059123993;-0.04227829;-0.05613327;-0.14745712
165;-0.64920044;-0.367321;-0.047374725;-0.09910202;-1.1754837;-0.68001556;-0.086997986;-0.17134857
166;-5.860611;-0.17157745;-0.74171066;-0.4248848;-14.478607;-0.49427032;-2.16156;-1.1188126
167;-0.7272301;-0.31809235;-0.009319305;-0.05514908;-0.92305756;-0.3717842;-0.012458801;-0.07505798
168;-0.18586493;-0.049275875;-0.032306194;-0.058959484;-1.0133324;-0.24792767;-0.16437435;-0.295146
169;0.008295536;0.008480549;0.0035414696;0.01869917;-0.053619385;-0.05215454;-0.021858215;-0.1451416
170;5.8898773;4.3292236;2.4071045;4.9770203;3.4127502;2.584732;1.4176025;2.757904
171;-1.8372536;-0.44480896;-0.109565735;-0.23037338;-1.7589798;-0.4224434;-0.10136795;-0.22263718
172;-0.21489811;-0.07445431;-0.06964874;-0.116111755;-0.47857857;-0.17986298;-0.16543579;-0.25196457
173;-0.052257538;-0.03944397;-0.008308411;-0.004852295;-0.16047668;-0.30091476;-0.028209686;-0.013309479
174;0.05057335;0.038612366;0.019473076;0.050779343;-0.24014091;-0.16442108;-0.08388138;-0.27380848
175;-1.9578972;-0.084186554;-0.16860962;-0.222229;-1.883915;-0.08116531;-0.15749359;-0.22458649
176;0.11515045;0.025772095;0.02973175;-0.020736694;-0.26779938;-0.06549072;-0.057296753;-0.1949997
177;-0.09095001;-0.06951141;-0.032455444;-0.18753815;-0.28830338;-0.23389816;-0.10689926;-0.5490608
178;-7.9669724;-2.802971;-6.368286;-0.79000854;-5.2369614;-1.8436737;-4.1963997;-0.52492905
179;0.52589417;0.27120972;0.396286;0.39564514;0.24136353;0.1333313;0.19812012;0.09547424
180;-0.058184624;-0.010715485;-0.0020155907;-0.0029654503;-0.23547935;-0.053605556;-0.010859966;-0.013658047
181;3.2541351;0.74864197;0.15322113;0.16521454;1.6071472;0.37379456;0.07482147;0.06588745
182;0.17779541;0.19886017;0.0050201416;-0.00091552734;-0.25035095;-0.055480957;-0.0040283203;-0.2334671
183;0.47531128;0.03388214;0.46284485;0.613884;0.034988403;0.0022964478;0.04421234;0.004760742
184;-3.5475178;-1.6919827;-0.18472481;-0.38145065;-2.6923752;-1.2545681;-0.13803673;-0.30259323
185;0.0;0.0;0.0;0.0;0.0;0.0;0.0;0.0
186;-0.0126571655;-0.0082798;-0.003376007;-0.033700943;-0.104932785;-0.07436752;-0.029172897;-0.24035072
187;0.00029563904;0.00020122528;0.0002450943;0.00015068054;-0.006119728;-0.0037088394;-0.004760742;-0.00578022
188;-0.017910004;-0.04632187;-0.047718048;-0.13194275;-0.0718956;-0.18379784;-0.18492699;-0.483881
189;-1.5556183;-0.68499184;-0.15172005;-0.21668243;-1.3130417;-0.5558739;-0.12390137;-0.19120026
190;-0.21761322;0.11694336;-0.030132294;0.0;-1.0154648;-1.0970306;-0.21599579;0.0
191;-2.2367;-1.0355911;-0.44882393;-0.8727684;-1.6590004;-0.7522316;-0.3284378;-0.6796379
192;-0.72613716;-0.08664322;-0.07575035;-0.12319374;-1.5721588;-0.19500732;-0.1722374;-0.2512169
193;0.3331604;0.16610718;0.11325073;0.21517944;0.10983658;0.06544876;0.04269409;0.043224335
194;-0.0024094582;-0.038604736;-0.0006752014;-0.0015039444;-0.0078725815;-0.12814856;-0.002108574;-0.0047125816
195;-0.34497452;-0.4734211;-0.29532623;-0.49007988;-0.2665863;-0.3474388;-0.2244339;-0.3967476
196;-0.22985363;-0.03030014;-0.06482506;-0.04020977;-0.38744164;-0.057980537;-0.11944008;-0.07274151
197;-1.6018219;-3.2648697;-2.357933;-4.244133;-1.0936375;-2.199483;-1.6026297;-2.9613094
198;-0.0037727356;3.0517578e-05;-0.0008544922;-0.04540634;-0.27807236;-0.21825027;-0.11236191;-1.1871529
199;-0.04848385;-0.03803253;-0.019001007;-0.113007545;-0.25854683;-0.22174263;-0.10739136;-0.50759697
200;0.025421143;0.112197876;0.076683044;0.161026;-0.032722473;-0.09233856;-0.08892059;-0.24606323
