ID_LAPSE;DUREE_MAX10;LAPSE_NIV_TOT;FACT_DIM;TX_LAPSE_TOT_MIN;TX_LAPSE_TOT_MAX
1;1;1;0.7;0;0.0222350086
1;1;2;0.7;0.0252558072;0.0339018796
1;1;3;0.7;0.0321255743;0.026820086
1;2;1;0.7;0;0.0392529571
1;2;2;0.7;0.0396903187;0.0466937521
1;2;3;0.7;0.0434723061;0.0383201449
1;3;1;0.7;0;0.0372499547
1;3;2;0.7;0.0273416345;0.0512404536
1;3;3;0.7;0.0409491661;0.0489386668
1;4;1;0.7;0;0.0389882693
1;4;2;0.7;0.0442368979;0.040929959
1;4;3;0.7;0.0558000685;0.058563542
1;5;1;0.7;0;0.0445358314
1;5;2;0.7;0.0401788234;0.0554665826
1;5;3;0.7;0.0616516257;0.0706805469
1;6;1;0.7;0;0.0439800698
1;6;2;0.7;0.0443968845;0.0609986097
1;6;3;0.7;0.0848478948;0.0662530769
1;7;1;0.7;0;0.0729784921
1;7;2;0.7;0.0889055108;0.1106586455
1;7;3;0.7;0.127362497;0.102373355
1;8;1;0.7;0;0.0485195288
1;8;2;0.7;0.0484571498;0.0684677402
1;8;3;0.7;0.0597923201;0.0695177191
1;9;1;0.7;0;0.0486801171
1;9;2;0.7;0.0602580457;0.0793227882
1;9;3;0.7;0.0770909078;0.0597670203
1;10;1;0.7;0;0.052034317
1;10;2;0.7;0.0595779226;0.0641836146
1;10;3;0.7;0.0788312609;0.0596132515
2;1;1;0.7;0;0.0284099507
2;1;2;0.7;0.0291526798;0.0338007776
2;1;3;0.7;0.0379151819;0.0400210621
2;2;1;0.7;0;0.0572397671
2;2;2;0.7;0.0548987299;0.0602145259
2;2;3;0.7;0.0748715123;0.0706624392
2;3;1;0.7;0;0.0718976173
2;3;2;0.7;0.0816041498;0.0747700421
2;3;3;0.7;0.1091772467;0.0830459115
2;4;1;0.7;0;0.0473399817
2;4;2;0.7;0.0594792513;0.065018772
2;4;3;0.7;0.0763200982;0.0721735529
2;5;1;0.7;0;0.0519575167
2;5;2;0.7;0.0454464821;0.0797044302
2;5;3;0.7;0.0772847831;0.064129205
2;6;1;0.7;0;0.0608793549
2;6;2;0.7;0.055815965;0.0768171985
2;6;3;0.7;0.0809440576;0.0837600052
2;7;1;0.7;0;0.0544765758
2;7;2;0.7;0.0509656722;0.0603671169
2;7;3;0.7;0.0658243318;0.0635537574
2;8;1;0.7;0;0.0579642172
2;8;2;0.7;0.0442027436;0.0585896872
2;8;3;0.7;0.0668744427;0.0622670851
2;9;1;0.7;0;0.044019621
2;9;2;0.7;0.0489748541;0.0645835146
2;9;3;0.7;0.0786501044;0.0631209187
2;10;1;0.7;0;0.0560798554
2;10;2;0.7;0.0521731608;0.0805582795
2;10;3;0.7;0.0620844114;0.0623568658
3;1;1;0.7;0;0.0488346293
3;1;2;0.7;0.0445709585;0.0809539107
3;1;3;0.7;0.065352523;0.0730852729
3;2;1;0.7;0;0.0505959264
3;2;2;0.7;0.045558579;0.0775506993
3;2;3;0.7;0.0588034682;0.0618207858
3;3;1;0.7;0;0.0514266248
3;3;2;0.7;0.0500954364;0.0790740258
3;3;3;0.7;0.0697025548;0.0801606764
3;4;1;0.7;0;0.0441935107
3;4;2;0.7;0.045977285;0.0808516948
3;4;3;0.7;0.0736812341;0.0785219365
3;5;1;0.7;0;0.0540125479
3;5;2;0.7;0.0453026451;0.08492134
3;5;3;0.7;0.0663459753;0.0612534458
3;6;1;0.7;0;0.0573591561
3;6;2;0.7;0.0614585798;0.078467427
3;6;3;0.7;0.0771368489;0.0684874287
3;7;1;0.7;0;0.0549938223
3;7;2;0.7;0.0534152269;0.0633089066
3;7;3;0.7;0.0732810683;0.0650337458
3;8;1;0.7;0;0.0509327751
3;8;2;0.7;0.0590915312;0.0749624674
3;8;3;0.7;0.0755422742;0.0648617513
3;9;1;0.7;0;0.0517486017
3;9;2;0.7;0.0518603831;0.0682733655
3;9;3;0.7;0.0818020373;0.0752847182
3;10;1;0.7;0;0.0487586894
3;10;2;0.7;0.0496686167;0.0845966795
3;10;3;0.7;0.0808156731;0.0608724464
4;1;1;0.7;0;0.0279326304
4;1;2;0.7;0.025182532;0.0307903413
4;1;3;0.7;0.0300199461;0.0297140843
4;2;1;0.7;0;0.0302753841
4;2;2;0.7;0.0369069676;0.0541939896
4;2;3;0.7;0.048787907;0.0479840838
4;3;1;0.7;0;0.0282176727
4;3;2;0.7;0.0273510512;0.0414504488
4;3;3;0.7;0.0479060984;0.0410327441
4;4;1;0.7;0;0.0399763802
4;4;2;0.7;0.0400785048;0.0511143164
4;4;3;0.7;0.0459339363;0.044124577
4;5;1;0.7;0;0.0415646498
4;5;2;0.7;0.045418844;0.0617706311
4;5;3;0.7;0.0623729231;0.0673723212
4;6;1;0.7;0;0.0514138655
4;6;2;0.7;0.0531379715;0.066675357
4;6;3;0.7;0.0594393368;0.0819956667
4;7;1;0.7;0;0.0772717333
4;7;2;0.7;0.0928689269;0.1370811594
4;7;3;0.7;0.1289038452;0.1346710567
4;8;1;0.7;0;0.0590966554
4;8;2;0.7;0.051212129;0.0620315536
4;8;3;0.7;0.0687794665;0.0612761833
4;9;1;0.7;0;0.0584870788
4;9;2;0.7;0.0617946338;0.0835635847
4;9;3;0.7;0.0624975083;0.0730348422
4;10;1;0.7;0;0.0586213545
4;10;2;0.7;0.0473635227;0.072125474
4;10;3;0.7;0.0742764293;0.0703850421
5;1;1;0.7;0;0.0342993672
5;1;2;0.7;0.0279522163;0.0452311297
5;1;3;0.7;0.0326529404;0.0348420614
5;2;1;0.7;0;0.0471975638
5;2;2;0.7;0.0520687615;0.0651794825
5;2;3;0.7;0.0612793567;0.0649476633
5;3;1;0.7;0;0.0712773726
5;3;2;0.7;0.0669145891;0.086715963
5;3;3;0.7;0.0738924869;0.0941929439
5;4;1;0.7;0;0.0548504999
5;4;2;0.7;0.0447753336;0.0844576746
5;4;3;0.7;0.06563767;0.0737120723
5;5;1;0.7;0;0.0448261981
5;5;2;0.7;0.0489325729;0.0588445946
5;5;3;0.7;0.0690247032;0.0651654863
5;6;1;0.7;0;0.0645447923
5;6;2;0.7;0.0554340943;0.085831402
5;6;3;0.7;0.0649058548;0.0856972954
5;7;1;0.7;0;0.0635905799
5;7;2;0.7;0.0513188514;0.0668916919
5;7;3;0.7;0.0807165103;0.0635116619
5;8;1;0.7;0;0.0450985459
5;8;2;0.7;0.0617880057;0.0727697054
5;8;3;0.7;0.0708293716;0.0693420611
5;9;1;0.7;0;0.0558005307
5;9;2;0.7;0.060152097;0.0641763747
5;9;3;0.7;0.0800588084;0.0753953872
5;10;1;0.7;0;0.0536314038
5;10;2;0.7;0.0621161321;0.0659739517
5;10;3;0.7;0.0605874695;0.0849365022
6;1;1;0.7;0;0.0501442745
6;1;2;0.7;0.049885955;0.0631703875
6;1;3;0.7;0.0861659637;0.0829225638
6;2;1;0.7;0;0.0584375393
6;2;2;0.7;0.0523550302;0.0668485637
6;2;3;0.7;0.0782710862;0.0726271968
6;3;1;0.7;0;0.051626394
6;3;2;0.7;0.0539041209;0.0618449602
6;3;3;0.7;0.0710845706;0.058722336
6;4;1;0.7;0;0.0450539391
6;4;2;0.7;0.0623705613;0.0739104418
6;4;3;0.7;0.0855052132;0.0684755886
6;5;1;0.7;0;0.0525535743
6;5;2;0.7;0.0447958432;0.0603077562
6;5;3;0.7;0.0584596806;0.0846308037
6;6;1;0.7;0;0.057210068
6;6;2;0.7;0.049475607;0.0739029879
6;6;3;0.7;0.0614424412;0.0840515637
6;7;1;0.7;0;0.05870556
6;7;2;0.7;0.0456229506;0.064680037
6;7;3;0.7;0.0657034979;0.0613792837
6;8;1;0.7;0;0.05052512
6;8;2;0.7;0.0440459692;0.0753704343
6;8;3;0.7;0.0783040241;0.0860313481
6;9;1;0.7;0;0.057876387
6;9;2;0.7;0.0590658073;0.0612811598
6;9;3;0.7;0.0654371402;0.0604149626
6;10;1;0.7;0;0.0509807889
6;10;2;0.7;0.063436688;0.0694278808
6;10;3;0.7;0.0814774536;0.0733635689
7;1;1;0.7;0;0.0377826303
7;1;2;0.7;0.0302649201;0.0444079488
7;1;3;0.7;0.0568605578;0.0412005026
7;2;1;0.7;0;0.0570771208
7;2;2;0.7;0.0469898615;0.057118177
7;2;3;0.7;0.0732367942;0.0726081971
7;3;1;0.7;0;0.0477323974
7;3;2;0.7;0.0399714481;0.0552572277
7;3;3;0.7;0.052530044;0.0580206524
7;4;1;0.7;0;0.0516492491
7;4;2;0.7;0.0619138929;0.0668799527
7;4;3;0.7;0.087766692;0.0672699871
7;5;1;0.7;0;0.0715797844
7;5;2;0.7;0.0597770353;0.0832189456
7;5;3;0.7;0.0935648606;0.0893538236
7;6;1;0.7;0;0.078839521
7;6;2;0.7;0.0775928011;0.1056163662
7;6;3;0.7;0.1074190713;0.1059641432
7;7;1;0.7;0;0.1281455523
7;7;2;0.7;0.1205502899;0.1478207033
7;7;3;0.7;0.1617960011;0.2026580411
7;8;1;0.7;0;0.0687577333
7;8;2;0.7;0.0776782272;0.0930833983
7;8;3;0.7;0.0934702776;0.1143237483
7;9;1;0.7;0;0.0836829088
7;9;2;0.7;0.0769949974;0.0960774826
7;9;3;0.7;0.0906329201;0.1043424209
7;10;1;0.7;0;0.0918417021
7;10;2;0.7;0.0829934058;0.1032827302
7;10;3;0.7;0.1236985578;0.1029020501
8;1;1;0.7;0;0.0478271723
8;1;2;0.7;0.0361498992;0.0620056095
8;1;3;0.7;0.055232276;0.0500574095
8;2;1;0.7;0;0.0778168907
8;2;2;0.7;0.0872670842;0.0851937665
8;2;3;0.7;0.104802344;0.0870325281
8;3;1;0.7;0;0.0895548151
8;3;2;0.7;0.0838980629;0.1485242139
8;3;3;0.7;0.1242655364;0.1124336597
8;4;1;0.7;0;0.0933850279
8;4;2;0.7;0.0677889033;0.0877620007
8;4;3;0.7;0.1199070826;0.1118222262
8;5;1;0.7;0;0.0980633236
8;5;2;0.7;0.07567188;0.0899000551
8;5;3;0.7;0.0927411087;0.1019128649
8;6;1;0.7;0;0.0830483019
8;6;2;0.7;0.074800067;0.0929204989
8;6;3;0.7;0.1062894653;0.1112100246
8;7;1;0.7;0;0.0698235774
8;7;2;0.7;0.0717825064;0.0896155478
8;7;3;0.7;0.1175886456;0.107716923
8;8;1;0.7;0;0.0862859361
8;8;2;0.7;0.0916541832;0.1311755099
8;8;3;0.7;0.0986400543;0.1103411708
8;9;1;0.7;0;0.0935334424
8;9;2;0.7;0.0799448914;0.1305719059
8;9;3;0.7;0.0993090124;0.1130356299
8;10;1;0.7;0;0.0679604355
8;10;2;0.7;0.0834547945;0.1030872923
8;10;3;0.7;0.0931388237;0.1147615973
9;1;1;0.7;0;0.0680061978
9;1;2;0.7;0.0781631572;0.1169929936
9;1;3;0.7;0.113739176;0.1297125518
9;2;1;0.7;0;0.0658379692
9;2;2;0.7;0.0875620875;0.1199021695
9;2;3;0.7;0.0968059248;0.1183416426
9;3;1;0.7;0;0.0663878369
9;3;2;0.7;0.0803820529;0.1004582066
9;3;3;0.7;0.0904646873;0.1006995342
9;4;1;0.7;0;0.0869869287
9;4;2;0.7;0.0826224195;0.1084911008
9;4;3;0.7;0.08786785;0.0910878782
9;5;1;0.7;0;0.0917498799
9;5;2;0.7;0.0689280982;0.0949469482
9;5;3;0.7;0.1035410829;0.1209317327
9;6;1;0.7;0;0.0696301229
9;6;2;0.7;0.0690522685;0.1218591799
9;6;3;0.7;0.0901582512;0.1077982421
9;7;1;0.7;0;0.0669986025
9;7;2;0.7;0.0802398438;0.1031070972
9;7;3;0.7;0.1237615757;0.0887055768
9;8;1;0.7;0;0.074659101
9;8;2;0.7;0.0849350763;0.1151288927
9;8;3;0.7;0.1093194834;0.0893836024
9;9;1;0.7;0;0.0887431016
9;9;2;0.7;0.0830242099;0.1135950132
9;9;3;0.7;0.1059537326;0.0878284355
9;10;1;0.7;0;0.0676740896
9;10;2;0.7;0.0755396498;0.0900908801
9;10;3;0.7;0.1176849003;0.1111264913
10;1;1;0.7;0;0.033235041
10;1;2;0.7;0.043379266;0.0570508279
10;1;3;0.7;0.0428232557;0.0401623233
10;2;1;0.7;0;0.0569260683
10;2;2;0.7;0.0561035855;0.0689564676
10;2;3;0.7;0.0623203829;0.0739236279
10;3;1;0.7;0;0.0506704775
10;3;2;0.7;0.0452951403;0.0719680636
10;3;3;0.7;0.0561964062;0.0612972226
10;4;1;0.7;0;0.0559844621
10;4;2;0.7;0.0518351492;0.0844271591
10;4;3;0.7;0.0613304207;0.0693835721
10;5;1;0.7;0;0.0873377625
10;5;2;0.7;0.059096666;0.1174379031
10;5;3;0.7;0.0800016469;0.1019342896
10;6;1;0.7;0;0.0853117751
10;6;2;0.7;0.0754193729;0.0900978646
10;6;3;0.7;0.1137897495;0.1080057138
10;7;1;0.7;0;0.1096948527
10;7;2;0.7;0.1273994467;0.1780925885
10;7;3;0.7;0.1441661134;0.2020075828
10;8;1;0.7;0;0.0684418584
10;8;2;0.7;0.0855817471;0.1007333578
10;8;3;0.7;0.1133773633;0.0971450894
10;9;1;0.7;0;0.0739891316
10;9;2;0.7;0.0704864894;0.0947964895
10;9;3;0.7;0.091168064;0.1264520767
10;10;1;0.7;0;0.0971008779
10;10;2;0.7;0.0922626431;0.092156088
10;10;3;0.7;0.1065511686;0.1160391603
11;1;1;0.7;0;0.0400037301
11;1;2;0.7;0.0373028415;0.0525042383
11;1;3;0.7;0.0482492216;0.0646017854
11;2;1;0.7;0;0.0716606857
11;2;2;0.7;0.0721780112;0.0893715196
11;2;3;0.7;0.0879053387;0.1163361469
11;3;1;0.7;0;0.1176560744
11;3;2;0.7;0.1002174667;0.150815652
11;3;3;0.7;0.1325201435;0.1114733382
11;4;1;0.7;0;0.0814590846
11;4;2;0.7;0.0772041707;0.1032339997
11;4;3;0.7;0.1137894249;0.120677578
11;5;1;0.7;0;0.0871417842
11;5;2;0.7;0.0956917928;0.1141687055
11;5;3;0.7;0.1278353641;0.1296418286
11;6;1;0.7;0;0.0785126679
11;6;2;0.7;0.0684351148;0.1074842606
11;6;3;0.7;0.1202569701;0.0896379794
11;7;1;0.7;0;0.0767897293
11;7;2;0.7;0.0671377024;0.1037198189
11;7;3;0.7;0.0889429046;0.0875041496
11;8;1;0.7;0;0.0954876671
11;8;2;0.7;0.0975023939;0.0965676597
11;8;3;0.7;0.1033730207;0.131003364
11;9;1;0.7;0;0.0769744068
11;9;2;0.7;0.0667674818;0.0943050622
11;9;3;0.7;0.1246863104;0.0958181751
11;10;1;0.7;0;0.073637394
11;10;2;0.7;0.0708794716;0.1246473237
11;10;3;0.7;0.1162430896;0.1160215256
12;1;1;0.7;0;0.0873678427
12;1;2;0.7;0.074719814;0.0959707277
12;1;3;0.7;0.1081360277;0.1163424464
12;2;1;0.7;0;0.0660208581
12;2;2;0.7;0.0839035758;0.1024562518
12;2;3;0.7;0.1142644975;0.1126933354
12;3;1;0.7;0;0.0666166635
12;3;2;0.7;0.0666586401;0.1056639523
12;3;3;0.7;0.0985916924;0.0990058817
12;4;1;0.7;0;0.0831593317
12;4;2;0.7;0.0873584092;0.1251758773
12;4;3;0.7;0.1269096316;0.1230698096
12;5;1;0.7;0;0.0872332372
12;5;2;0.7;0.0857211022;0.0891491594
12;5;3;0.7;0.1105373381;0.1226365961
12;6;1;0.7;0;0.0927134816
12;6;2;0.7;0.0904637531;0.088560932
12;6;3;0.7;0.0904681347;0.1268911788
12;7;1;0.7;0;0.0889903043
12;7;2;0.7;0.0715397016;0.1051592908
12;7;3;0.7;0.1290245759;0.1136680855
12;8;1;0.7;0;0.0755686434
12;8;2;0.7;0.0893771762;0.1181803921
12;8;3;0.7;0.116985931;0.1003402513
12;9;1;0.7;0;0.0845716942
12;9;2;0.7;0.0866766602;0.1023263102
12;9;3;0.7;0.1214485036;0.0969427281
12;10;1;0.7;0;0.0671868092
12;10;2;0.7;0.0768587796;0.1160988418
12;10;3;0.7;0.1126849543;0.1005655983
13;1;1;0.7;0;0.0418802434
13;1;2;0.7;0.0411094626;0.0444430996
13;1;3;0.7;0.0451201921;0.0603439607
13;2;1;0.7;0;0.0603719898
13;2;2;0.7;0.0597647163;0.0653970801
13;2;3;0.7;0.0671803884;0.0844913575
13;3;1;0.7;0;0.0436550672
13;3;2;0.7;0.0448469731;0.0820272991
13;3;3;0.7;0.0692085667;0.0663984779
13;4;1;0.7;0;0.0642985202
13;4;2;0.7;0.072744258;0.0679622791
13;4;3;0.7;0.0775749731;0.068055526
13;5;1;0.7;0;0.078515739
13;5;2;0.7;0.0660232393;0.0943229255
13;5;3;0.7;0.0886089579;0.0880202591
13;6;1;0.7;0;0.0925097064
13;6;2;0.7;0.1001610653;0.1102105825
13;6;3;0.7;0.1257136331;0.1175066871
13;7;1;0.7;0;0.1289559021
13;7;2;0.7;0.1487018924;0.1746683752
13;7;3;0.7;0.1941316298;0.1782330517
13;8;1;0.7;0;0.0875564147
13;8;2;0.7;0.1013973526;0.1392778194
13;8;3;0.7;0.1185745326;0.110320893
13;9;1;0.7;0;0.0857524213
13;9;2;0.7;0.0906227364;0.102568369
13;9;3;0.7;0.1337787447;0.1374595645
13;10;1;0.7;0;0.1038638616
13;10;2;0.7;0.107702789;0.0987279001
13;10;3;0.7;0.1002950276;0.1032181405
14;1;1;0.7;0;0.0471724258
14;1;2;0.7;0.0416996628;0.0702748257
14;1;3;0.7;0.0569735894;0.0764281693
14;2;1;0.7;0;0.0820896641
14;2;2;0.7;0.0745021563;0.1114893071
14;2;3;0.7;0.0917139117;0.1214891233
14;3;1;0.7;0;0.1302386474
14;3;2;0.7;0.0989203696;0.144910098
14;3;3;0.7;0.1269070788;0.1391909311
14;4;1;0.7;0;0.078488183
14;4;2;0.7;0.0746665236;0.1045361433
14;4;3;0.7;0.1137858279;0.1121719441
14;5;1;0.7;0;0.076714697
14;5;2;0.7;0.0907260499;0.1073240642
14;5;3;0.7;0.1359385749;0.1345440116
14;6;1;0.7;0;0.0723054291
14;6;2;0.7;0.0989175058;0.1230918924
14;6;3;0.7;0.1136322873;0.096474722
14;7;1;0.7;0;0.1002732266
14;7;2;0.7;0.080694464;0.1007696747
14;7;3;0.7;0.1231133683;0.1082061129
14;8;1;0.7;0;0.0963650233
14;8;2;0.7;0.0792381782;0.1052601309
14;8;3;0.7;0.1086407324;0.1070753293
14;9;1;0.7;0;0.0984861599
14;9;2;0.7;0.0910739811;0.1114461752
14;9;3;0.7;0.1079032761;0.1135480766
14;10;1;0.7;0;0.0822093258
14;10;2;0.7;0.0897795108;0.1081720123
14;10;3;0.7;0.1114724111;0.1377730531
15;1;1;0.7;0;0.0810497131
15;1;2;0.7;0.086808802;0.12990676
15;1;3;0.7;0.1211330112;0.1309933182
15;2;1;0.7;0;0.0961546064
15;2;2;0.7;0.0749009845;0.1306195995
15;2;3;0.7;0.1234698724;0.1416891391
15;3;1;0.7;0;0.1061366158
15;3;2;0.7;0.1073037368;0.1202767118
15;3;3;0.7;0.1370294861;0.1437118438
15;4;1;0.7;0;0.0758739396
15;4;2;0.7;0.0941333707;0.1160992882
15;4;3;0.7;0.0980708986;0.1405904493
15;5;1;0.7;0;0.0790750091
15;5;2;0.7;0.0884889219;0.1234824279
15;5;3;0.7;0.1181242355;0.1100212089
15;6;1;0.7;0;0.0867397459
15;6;2;0.7;0.0938124511;0.1352519691
15;6;3;0.7;0.1415200369;0.13047308
15;7;1;0.7;0;0.1030294599
15;7;2;0.7;0.094983607;0.1247899995
15;7;3;0.7;0.1003338175;0.112980105
15;8;1;0.7;0;0.1000912514
15;8;2;0.7;0.0770637037;0.1270324038
15;8;3;0.7;0.1179550639;0.1065046644
15;9;1;0.7;0;0.098056764
15;9;2;0.7;0.0871870955;0.1217910601
15;9;3;0.7;0.1079326886;0.0990699499
15;10;1;0.7;0;0.0803971092
15;10;2;0.7;0.0922914869;0.0998663203
15;10;3;0.7;0.1188616688;0.1246601486
16;1;1;0.7;0;0.0341308973
16;1;2;0.7;0.0356708452;0.0558826754
16;1;3;0.7;0.0646610604;0.0444065457
16;2;1;0.7;0;0.0509670041
16;2;2;0.7;0.0480960039;0.0763491363
16;2;3;0.7;0.0668243134;0.0689378777
16;3;1;0.7;0;0.0441644761
16;3;2;0.7;0.0438630016;0.0741342712
16;3;3;0.7;0.0852462969;0.0610967816
16;4;1;0.7;0;0.07438127
16;4;2;0.7;0.0591762849;0.0883633286
16;4;3;0.7;0.0853175764;0.0797704359
16;5;1;0.7;0;0.0740984266
16;5;2;0.7;0.0678715751;0.1032686781
16;5;3;0.7;0.1010096406;0.1093189184
16;6;1;0.7;0;0.1073574882
16;6;2;0.7;0.0726004046;0.1223340994
16;6;3;0.7;0.1001400609;0.1434397932
16;7;1;0.7;0;0.1280104278
16;7;2;0.7;0.1624199218;0.2032108622
16;7;3;0.7;0.1938739827;0.1926452679
16;8;1;0.7;0;0.0874447518
16;8;2;0.7;0.0763165915;0.1350664189
16;8;3;0.7;0.1094190628;0.1044262092
16;9;1;0.7;0;0.1010076494
16;9;2;0.7;0.0788989545;0.1050405251
16;9;3;0.7;0.1016814983;0.1020821347
16;10;1;0.7;0;0.097820662
16;10;2;0.7;0.1039027175;0.1112713679
16;10;3;0.7;0.1407269036;0.1048400515
17;1;1;0.7;0;0.0473736825
17;1;2;0.7;0.0433714536;0.0574327772
17;1;3;0.7;0.0610390505;0.0549201255
17;2;1;0.7;0;0.0898941166
17;2;2;0.7;0.0781832573;0.0970078255
17;2;3;0.7;0.1335386165;0.0993140797
17;3;1;0.7;0;0.1219840151
17;3;2;0.7;0.1243142054;0.1281646456
17;3;3;0.7;0.1505078868;0.129277686
17;4;1;0.7;0;0.1053496917
17;4;2;0.7;0.0979079261;0.1408052516
17;4;3;0.7;0.1288379121;0.1001839818
17;5;1;0.7;0;0.0779518824
17;5;2;0.7;0.0988445977;0.1195510828
17;5;3;0.7;0.1019306506;0.0975945413
17;6;1;0.7;0;0.0820101398
17;6;2;0.7;0.0751229961;0.0965728567
17;6;3;0.7;0.1045507105;0.1333922232
17;7;1;0.7;0;0.0886067697
17;7;2;0.7;0.1059164933;0.114924605
17;7;3;0.7;0.1091222108;0.1015986499
17;8;1;0.7;0;0.0822950297
17;8;2;0.7;0.073326813;0.1235130581
17;8;3;0.7;0.1185967798;0.1159630003
17;9;1;0.7;0;0.1065061747
17;9;2;0.7;0.0725943239;0.1191061613
17;9;3;0.7;0.1250257451;0.1180212675
17;10;1;0.7;0;0.0760263294
17;10;2;0.7;0.0980776902;0.1056562796
17;10;3;0.7;0.1429475801;0.1261944043
18;1;1;0.7;0;0.0841293289
18;1;2;0.7;0.0908073876;0.1031637979
18;1;3;0.7;0.1038509945;0.1282522088
18;2;1;0.7;0;0.0823565884
18;2;2;0.7;0.0771904994;0.1051935916
18;2;3;0.7;0.110386836;0.1244596372
18;3;1;0.7;0;0.1026627627
18;3;2;0.7;0.1017057761;0.0999808767
18;3;3;0.7;0.1045156167;0.1190245807
18;4;1;0.7;0;0.0878426541
18;4;2;0.7;0.1063844157;0.1357485561
18;4;3;0.7;0.1164334761;0.11956874
18;5;1;0.7;0;0.0828903334
18;5;2;0.7;0.0818273253;0.1244714389
18;5;3;0.7;0.108414937;0.1400139323
18;6;1;0.7;0;0.0737087053
18;6;2;0.7;0.0906811133;0.1383245907
18;6;3;0.7;0.1245632298;0.1025243393
18;7;1;0.7;0;0.0834717586
18;7;2;0.7;0.0750312053;0.1067349471
18;7;3;0.7;0.1372493293;0.0963253142
18;8;1;0.7;0;0.0914867202
18;8;2;0.7;0.0794587968;0.1309743355
18;8;3;0.7;0.1276969565;0.1025562611
18;9;1;0.7;0;0.07785641
18;9;2;0.7;0.0728300849;0.115931052
18;9;3;0.7;0.1314377725;0.1324133257
18;10;1;0.7;0;0.0989587696
18;10;2;0.7;0.0867722087;0.1139565958
18;10;3;0.7;0.1268861821;0.1404340654
19;1;1;0.7;0;0.0289225397
19;1;2;0.7;0.0265886273;0.0409728068
19;1;3;0.7;0.0476002595;0.0460048034
19;2;1;0.7;0;0.038718262
19;2;2;0.7;0.0486189418;0.072008546
19;2;3;0.7;0.0518086143;0.0614133753
19;3;1;0.7;0;0.035234843
19;3;2;0.7;0.0468746257;0.0664799514
19;3;3;0.7;0.0637179376;0.0636518112
19;4;1;0.7;0;0.048009726
19;4;2;0.7;0.0474198405;0.0767669425
19;4;3;0.7;0.0618525277;0.068010821
19;5;1;0.7;0;0.063841632
19;5;2;0.7;0.0679289521;0.0938020505
19;5;3;0.7;0.0820902322;0.081835151
19;6;1;0.7;0;0.0567825301
19;6;2;0.7;0.0640245688;0.0980857896
19;6;3;0.7;0.0925688526;0.1092227611
19;7;1;0.7;0;0.11382517
19;7;2;0.7;0.1235663612;0.1448971502
19;7;3;0.7;0.1337688578;0.1264649699
19;8;1;0.7;0;0.0780246136
19;8;2;0.7;0.0622432701;0.0904822775
19;8;3;0.7;0.0881083238;0.0970505786
19;9;1;0.7;0;0.068621983
19;9;2;0.7;0.0702351656;0.1058465701
19;9;3;0.7;0.0838236314;0.1072187415
19;10;1;0.7;0;0.0814611878
19;10;2;0.7;0.0826510256;0.0842851312
19;10;3;0.7;0.0987567577;0.0752892162
20;1;1;0.7;0;0.03409945
20;1;2;0.7;0.0329852704;0.0464184381
20;1;3;0.7;0.0581885386;0.0522287771
20;2;1;0.7;0;0.0619545324
20;2;2;0.7;0.071610397;0.0812469588
20;2;3;0.7;0.0810400804;0.0823192443
20;3;1;0.7;0;0.0806077102
20;3;2;0.7;0.0731981932;0.1069411931
20;3;3;0.7;0.1289048442;0.1104876088
20;4;1;0.7;0;0.0710609228
20;4;2;0.7;0.0646032165;0.0854770277
20;4;3;0.7;0.0994301383;0.0805146623
20;5;1;0.7;0;0.0687546909
20;5;2;0.7;0.0620198291;0.0866312639
20;5;3;0.7;0.108277009;0.0781167336
20;6;1;0.7;0;0.0629818288
20;6;2;0.7;0.0773113659;0.1084576632
20;6;3;0.7;0.0865933861;0.0960951748
20;7;1;0.7;0;0.0672691407
20;7;2;0.7;0.063534174;0.0994228068
20;7;3;0.7;0.0821456645;0.0794564682
20;8;1;0.7;0;0.0586699246
20;8;2;0.7;0.0700278954;0.0857420052
20;8;3;0.7;0.0915164092;0.0929403735
20;9;1;0.7;0;0.0626697096
20;9;2;0.7;0.0597832732;0.1078176282
20;9;3;0.7;0.0935191137;0.0865252869
20;10;1;0.7;0;0.0843423684
20;10;2;0.7;0.0599309722;0.0797209493
20;10;3;0.7;0.079590185;0.1026941394
21;1;1;0.7;0;0.0711980402
21;1;2;0.7;0.0597230026;0.0966798708
21;1;3;0.7;0.088432477;0.0921418003
21;2;1;0.7;0;0.0827074417
21;2;2;0.7;0.0604874973;0.0760169826
21;2;3;0.7;0.0937831408;0.0901330791
21;3;1;0.7;0;0.0563250961
21;3;2;0.7;0.063829504;0.1042863221
21;3;3;0.7;0.0855318206;0.0780226405
21;4;1;0.7;0;0.0731960383
21;4;2;0.7;0.0601944697;0.0885068629
21;4;3;0.7;0.1027297045;0.084382669
21;5;1;0.7;0;0.0806040331
21;5;2;0.7;0.0575187612;0.108504667
21;5;3;0.7;0.0946943639;0.1118809138
21;6;1;0.7;0;0.0647626828
21;6;2;0.7;0.0777409189;0.0789324508
21;6;3;0.7;0.0858364922;0.1085170462
21;7;1;0.7;0;0.070355526
21;7;2;0.7;0.0734629763;0.103442651
21;7;3;0.7;0.0992943513;0.0870154048
21;8;1;0.7;0;0.0719928713
21;8;2;0.7;0.0640178698;0.1033957433
21;8;3;0.7;0.1096180084;0.0816209257
21;9;1;0.7;0;0.0696340834
21;9;2;0.7;0.0716272531;0.0761007024
21;9;3;0.7;0.1099207507;0.0771360864
21;10;1;0.7;0;0.074835214
21;10;2;0.7;0.0821978436;0.0839162645
21;10;3;0.7;0.1044002933;0.0811842412
22;1;1;0.7;0;0.0260045977
22;1;2;0.7;0.027472798;0.0490011004
22;1;3;0.7;0.0384025194;0.0370401898
22;2;1;0.7;0;0.0504886867
22;2;2;0.7;0.048254201;0.0498436673
22;2;3;0.7;0.0608057216;0.0566296874
22;3;1;0.7;0;0.0443257088
22;3;2;0.7;0.0423823767;0.0551382467
22;3;3;0.7;0.0486105895;0.0651345825
22;4;1;0.7;0;0.0407662351
22;4;2;0.7;0.05190474;0.0600505646
22;4;3;0.7;0.0560714944;0.0554580175
22;5;1;0.7;0;0.0616749641
22;5;2;0.7;0.057463308;0.0857586774
22;5;3;0.7;0.0980026654;0.0718892529
22;6;1;0.7;0;0.0601625707
22;6;2;0.7;0.0650544287;0.0801781776
22;6;3;0.7;0.0957282122;0.0959391445
22;7;1;0.7;0;0.1222105064
22;7;2;0.7;0.1298794186;0.1425500354
22;7;3;0.7;0.1694633744;0.1235064146
22;8;1;0.7;0;0.0841885794
22;8;2;0.7;0.0733981508;0.0771608278
22;8;3;0.7;0.0807686219;0.1069246979
22;9;1;0.7;0;0.0743822596
22;9;2;0.7;0.0698374574;0.0771973481
22;9;3;0.7;0.0803378003;0.0984943366
22;10;1;0.7;0;0.0768605684
22;10;2;0.7;0.0838935721;0.1093495503
22;10;3;0.7;0.0978708332;0.0774961947
23;1;1;0.7;0;0.0360069621
23;1;2;0.7;0.0442587921;0.0473333626
23;1;3;0.7;0.0459706223;0.0521873293
23;2;1;0.7;0;0.071205096
23;2;2;0.7;0.0544042057;0.080557089
23;2;3;0.7;0.0796474278;0.094243229
23;3;1;0.7;0;0.0728979433
23;3;2;0.7;0.0777431351;0.0992091767
23;3;3;0.7;0.1243908595;0.1332776769
23;4;1;0.7;0;0.0667926052
23;4;2;0.7;0.0634925216;0.1044408383
23;4;3;0.7;0.0906614251;0.075123009
23;5;1;0.7;0;0.0587449443
23;5;2;0.7;0.0766097001;0.095923071
23;5;3;0.7;0.1082236855;0.1090085664
23;6;1;0.7;0;0.0657849673
23;6;2;0.7;0.080212106;0.0821940793
23;6;3;0.7;0.11162421;0.0751331035
23;7;1;0.7;0;0.0773269409
23;7;2;0.7;0.0601158576;0.1057067371
23;7;3;0.7;0.0782455559;0.076450634
23;8;1;0.7;0;0.0670415242
23;8;2;0.7;0.0685638517;0.1102592968
23;8;3;0.7;0.1124648178;0.1059425342
23;9;1;0.7;0;0.0750588168
23;9;2;0.7;0.0664168495;0.0754994933
23;9;3;0.7;0.0836401564;0.1034300394
23;10;1;0.7;0;0.0797608697
23;10;2;0.7;0.081668571;0.0956536048
23;10;3;0.7;0.0779135764;0.1095861282
24;1;1;0.7;0;0.0607540103
24;1;2;0.7;0.0621300179;0.1042086157
24;1;3;0.7;0.0923227662;0.0837636933
24;2;1;0.7;0;0.0639246878
24;2;2;0.7;0.0742340173;0.0953124286
24;2;3;0.7;0.094639543;0.0818917107
24;3;1;0.7;0;0.0662699258
24;3;2;0.7;0.0779322528;0.0800456889
24;3;3;0.7;0.0867195147;0.0901085279
24;4;1;0.7;0;0.077155622
24;4;2;0.7;0.0711268507;0.094613149
24;4;3;0.7;0.0825422428;0.0931120391
24;5;1;0.7;0;0.0675471315
24;5;2;0.7;0.0800009953;0.0910753546
24;5;3;0.7;0.1122078712;0.0959250533
24;6;1;0.7;0;0.0722011026
24;6;2;0.7;0.0648933294;0.0814968884
24;6;3;0.7;0.1076333252;0.0910302644
24;7;1;0.7;0;0.07776358
24;7;2;0.7;0.080386109;0.0776441532
24;7;3;0.7;0.1081987659;0.0905902189
24;8;1;0.7;0;0.0734074626
24;8;2;0.7;0.0829626243;0.0821040538
24;8;3;0.7;0.1075923607;0.0832021582
24;9;1;0.7;0;0.0669710757
24;9;2;0.7;0.0701821257;0.0982897195
24;9;3;0.7;0.0873307154;0.0845510741
24;10;1;0.7;0;0.0599537203
24;10;2;0.7;0.0750920464;0.1019717374
24;10;3;0.7;0.1068340159;0.0782934838
25;1;1;0.3;0;0.0206040855
25;1;2;0.3;0.0197860064;0.025109878
25;1;3;0.3;0.0283021022;0.0254822371
25;2;1;0.3;0;0.0224428276
25;2;2;0.3;0.0198392404;0.0233979229
25;2;3;0.3;0.0269824709;0.0255288658
25;3;1;0.3;0;0.0184485501
25;3;2;0.3;0.0171945413;0.0246246922
25;3;3;0.3;0.025326589;0.0313835716
25;4;1;0.3;0;0.0201783858
25;4;2;0.3;0.0244722857;0.0247453482
25;4;3;0.3;0.0303141999;0.0270041246
25;5;1;0.3;0;0.0189046541
25;5;2;0.3;0.020534481;0.0253762589
25;5;3;0.3;0.0298257446;0.0260659272
25;6;1;0.3;0;0.0204789722
25;6;2;0.3;0.0207586051;0.0263383028
25;6;3;0.3;0.0318258356;0.0251373012
25;7;1;0.3;0;0.0176288123
25;7;2;0.3;0.0213417964;0.0248341649
25;7;3;0.3;0.0314671106;0.0284564665
25;8;1;0.3;0;0.0200614648
25;8;2;0.3;0.0186334344;0.0337289403
25;8;3;0.3;0.0302784618;0.028345427
25;9;1;0.3;0;0.0251849408
25;9;2;0.3;0.0171030722;0.0254248325
25;9;3;0.3;0.0332903781;0.0323856766
25;10;1;0.3;0;0.0179067853
25;10;2;0.3;0.0174488912;0.0234524001
25;10;3;0.3;0.0241267308;0.0318018022
26;1;1;0.7;0;0.0040692876
26;1;2;0.7;0.0036422704;0.0048532227
26;1;3;0.7;0.0056608515;0.0057469858
26;2;1;0.7;0;0.0096621485
26;2;2;0.7;0.012588901;0.0139294166
26;2;3;0.7;0.0152923877;0.0131051325
26;3;1;0.7;0;0.0144666295
26;3;2;0.7;0.0126145472;0.0184343245
26;3;3;0.7;0.0213519682;0.0236608495
26;4;1;0.7;0;0.0137956381
26;4;2;0.7;0.0128326564;0.0167259883
26;4;3;0.7;0.0184819266;0.0172461269
26;5;1;0.7;0;0.0163635526
26;5;2;0.7;0.0161464718;0.0219262237
26;5;3;0.7;0.0261813413;0.0232288278
26;6;1;0.7;0;0.0268098696
26;6;2;0.7;0.0320275206;0.0295850836
26;6;3;0.7;0.0296056004;0.0387841243
26;7;1;0.7;0;0.0620921147
26;7;2;0.7;0.0757661937;0.0911750119
26;7;3;0.7;0.1078263477;0.0933075794
26;8;1;0.7;0;0.0488488324
26;8;2;0.7;0.048519451;0.0702286187
26;8;3;0.7;0.0667097903;0.0639057332
26;9;1;0.7;0;0.0426060038
26;9;2;0.7;0.0506210248;0.0534198377
26;9;3;0.7;0.061084956;0.0739317658
26;10;1;0.7;0;0.0489323491
26;10;2;0.7;0.0380462598;0.0716520515
26;10;3;0.7;0.0631885221;0.0708399872
27;1;1;0.7;0;0.0677679658
27;1;2;0.7;0.0643222716;0.1019718111
27;1;3;0.7;0.0927235015;0.074585494
27;2;1;0.7;0;0.0691638234
27;2;2;0.7;0.0748859289;0.0694927667
27;2;3;0.7;0.0901382635;0.0809410643
27;3;1;0.7;0;0.0599017974
27;3;2;0.7;0.0593745592;0.0735641307
27;3;3;0.7;0.0642789474;0.0867130825
27;4;1;0.7;0;0.0454172711
27;4;2;0.7;0.043953121;0.0607044949
27;4;3;0.7;0.0679440708;0.0684297909
27;5;1;0.7;0;0.0441878561
27;5;2;0.7;0.053718702;0.0622225559
27;5;3;0.7;0.068907211;0.0724239405
27;6;1;0.7;0;0.0537269162
27;6;2;0.7;0.0451297269;0.0635869003
27;6;3;0.7;0.0719402831;0.0682522437
27;7;1;0.7;0;0.051532141
27;7;2;0.7;0.0482866238;0.0698909697
27;7;3;0.7;0.0656695909;0.0680115176
27;8;1;0.7;0;0.0491274616
27;8;2;0.7;0.0389739763;0.0631999316
27;8;3;0.7;0.0506420205;0.0501433812
27;9;1;0.7;0;0.045333237
27;9;2;0.7;0.0555724236;0.0509316708
27;9;3;0.7;0.0697007569;0.070968314
27;10;1;0.7;0;0.0436677228
27;10;2;0.7;0.0548233261;0.0621961611
27;10;3;0.7;0.0575603833;0.0614146561
28;1;1;0.7;0;0.0186956674
28;1;2;0.7;0.0187579383;0.0270915811
28;1;3;0.7;0.0307628431;0.0258223513
28;2;1;0.7;0;0.030505587
28;2;2;0.7;0.0250848365;0.0374464981
28;2;3;0.7;0.0497147281;0.0484242996
28;3;1;0.7;0;0.0403616855
28;3;2;0.7;0.0467774819;0.0554223873
28;3;3;0.7;0.0587151778;0.0566789259
28;4;1;0.7;0;0.051201977
28;4;2;0.7;0.0544450605;0.0746001289
28;4;3;0.7;0.084888048;0.0650390329
28;5;1;0.7;0;0.0432317123
28;5;2;0.7;0.0461825397;0.0692098596
28;5;3;0.7;0.0577053613;0.055170003
28;6;1;0.7;0;0.0391019501
28;6;2;0.7;0.0392411363;0.0705518167
28;6;3;0.7;0.0630758572;0.074064337
28;7;1;0.7;0;0.0377799858
28;7;2;0.7;0.0416221898;0.0513417902
28;7;3;0.7;0.0661230889;0.0570518223
28;8;1;0.7;0;0.0417958133
28;8;2;0.7;0.0405028164;0.0586001155
28;8;3;0.7;0.0639947199;0.0552371875
28;9;1;0.7;0;0.0420921815
28;9;2;0.7;0.0406705367;0.0500093177
28;9;3;0.7;0.0590478985;0.0695604008
28;10;1;0.7;0;0.0542716017
28;10;2;0.7;0.0385955572;0.0510282283
28;10;3;0.7;0.0683384021;0.055016157
29;1;1;0.7;0;0.0172432735
29;1;2;0.7;0.0157602427;0.0218407068
29;1;3;0.7;0.0253286002;0.0309649867
29;2;1;0.7;0;0.0333470668
29;2;2;0.7;0.0290796781;0.0480724496
29;2;3;0.7;0.0469415846;0.0360226435
29;3;1;0.7;0;0.0298714229
29;3;2;0.7;0.0402213722;0.055881694
29;3;3;0.7;0.047626569;0.0475835179
29;4;1;0.7;0;0.0334275226
29;4;2;0.7;0.0333656178;0.0521822776
29;4;3;0.7;0.0417090118;0.0578335111
29;5;1;0.7;0;0.0471599341
29;5;2;0.7;0.0455952716;0.0475056535
29;5;3;0.7;0.0532110381;0.0518367888
29;6;1;0.7;0;0.0569140424
29;6;2;0.7;0.0526739404;0.091701328
29;6;3;0.7;0.0893289042;0.0713928037
29;7;1;0.7;0;0.0383670494
29;7;2;0.7;0.0479834665;0.0505235262
29;7;3;0.7;0.066845526;0.0512282627
29;8;1;0.7;0;0.0463089857
29;8;2;0.7;0.0466099732;0.0698286257
29;8;3;0.7;0.053893218;0.0656156767
29;9;1;0.7;0;0.0453963875
29;9;2;0.7;0.0405937366;0.0636492219
29;9;3;0.7;0.0593425601;0.063467907
29;10;1;0.7;0;0.0434848822
29;10;2;0.7;0.0454882671;0.0579003148
29;10;3;0.7;0.056821743;0.0529869138
30;1;1;0.7;0;0.0032770214
30;1;2;0.7;0.0040156018;0.0058066885
30;1;3;0.7;0.0059873353;0.0049368848
30;2;1;0.7;0;0.0102423176
30;2;2;0.7;0.0107553408;0.0152501199
30;2;3;0.7;0.0164066179;0.0128044795
30;3;1;0.7;0;0.0141842723
30;3;2;0.7;0.0137192546;0.0213879793
30;3;3;0.7;0.0201354265;0.0169979422
30;4;1;0.7;0;0.0147512123
30;4;2;0.7;0.0177901894;0.0209807261
30;4;3;0.7;0.018623558;0.0199046445
30;5;1;0.7;0;0.0186127851
30;5;2;0.7;0.018218309;0.0263339173
30;5;3;0.7;0.0220697045;0.0282270325
30;6;1;0.7;0;0.0221245553
30;6;2;0.7;0.0245454918;0.0294673475
30;6;3;0.7;0.0413965998;0.0382266705
30;7;1;0.7;0;0.0651513581
30;7;2;0.7;0.0611615118;0.1061566864
30;7;3;0.7;0.1011215537;0.0831461976
30;8;1;0.7;0;0.038545875
30;8;2;0.7;0.0395940821;0.0503810045
30;8;3;0.7;0.0690715425;0.0584726023
30;9;1;0.7;0;0.0475144916
30;9;2;0.7;0.0457906683;0.0512395763
30;9;3;0.7;0.0719986504;0.0730712449
30;10;1;0.7;0;0.040222962
30;10;2;0.7;0.0516115108;0.064908272
30;10;3;0.7;0.0588154219;0.0606343185
31;1;1;0.7;0;0.0165411957
31;1;2;0.7;0.0142011846;0.0212143682
31;1;3;0.7;0.021814384;0.0226052395
31;2;1;0.7;0;0.0191881425
31;2;2;0.7;0.0163990345;0.0215410963
31;2;3;0.7;0.030934087;0.028788456
31;3;1;0.7;0;0.0249717632
31;3;2;0.7;0.023269903;0.0312157971
31;3;3;0.7;0.0412288867;0.0321159591
31;4;1;0.7;0;0.0311054459
31;4;2;0.7;0.0220199899;0.034934899
31;4;3;0.7;0.0337174995;0.0304536745
31;5;1;0.7;0;0.0393895273
31;5;2;0.7;0.0313802385;0.04599907
31;5;3;0.7;0.044106557;0.0375777413
31;6;1;0.7;0;0.0370362765
31;6;2;0.7;0.0351286982;0.0443995919
31;6;3;0.7;0.0558773728;0.0442058777
31;7;1;0.7;0;0.0751675611
31;7;2;0.7;0.0946767791;0.119953343
31;7;3;0.7;0.1003253638;0.1322398877
31;8;1;0.7;0;0.0801974047
31;8;2;0.7;0.080256704;0.0916809314
31;8;3;0.7;0.1000027637;0.0863090815
31;9;1;0.7;0;0.083053856
31;9;2;0.7;0.0630500758;0.0842077398
31;9;3;0.7;0.1070957356;0.1200508515
31;10;1;0.7;0;0.0801974834
31;10;2;0.7;0.0661833118;0.0886917259
31;10;3;0.7;0.0956298284;0.1177156126
32;1;1;0.7;0;0.0528027536
32;1;2;0.7;0.0413358091;0.0568580176
32;1;3;0.7;0.0569239876;0.0797393005
32;2;1;0.7;0;0.0547331852
32;2;2;0.7;0.0496648404;0.0676942556
32;2;3;0.7;0.0715644944;0.0682422624
32;3;1;0.7;0;0.086756408
32;3;2;0.7;0.0654903345;0.1111025196
32;3;3;0.7;0.0847839994;0.0979753213
32;4;1;0.7;0;0.0657086974
32;4;2;0.7;0.0774545375;0.1187573591
32;4;3;0.7;0.0864776725;0.0891122956
32;5;1;0.7;0;0.0802591356
32;5;2;0.7;0.0743806146;0.0888306476
32;5;3;0.7;0.0864626135;0.0945499709
32;6;1;0.7;0;0.0651572994
32;6;2;0.7;0.0880356425;0.1227074046
32;6;3;0.7;0.1169227777;0.0860881726
32;7;1;0.7;0;0.0885880478
32;7;2;0.7;0.0825398211;0.0960114511
32;7;3;0.7;0.0954258864;0.1240545161
32;8;1;0.7;0;0.0668421809
32;8;2;0.7;0.0934046911;0.1039544956
32;8;3;0.7;0.1040367146;0.1011346034
32;9;1;0.7;0;0.0886538472
32;9;2;0.7;0.0688921039;0.1044135903
32;9;3;0.7;0.1197277076;0.1172229845
32;10;1;0.7;0;0.0659144819
32;10;2;0.7;0.0827063677;0.084757149
32;10;3;0.7;0.0860790169;0.1107014903
33;1;1;0.7;0;0.0273789028
33;1;2;0.7;0.0279904235;0.043478198
33;1;3;0.7;0.0423219593;0.0354747882
33;2;1;0.7;0;0.0324226414
33;2;2;0.7;0.0333042361;0.0426541418
33;2;3;0.7;0.0468735997;0.0602355383
33;3;1;0.7;0;0.0413376708
33;3;2;0.7;0.0606786749;0.0637041431
33;3;3;0.7;0.0598576272;0.0554601923
33;4;1;0.7;0;0.1005867107
33;4;2;0.7;0.0896062416;0.0986210456
33;4;3;0.7;0.1057323554;0.099273814
33;5;1;0.7;0;0.0906578433
33;5;2;0.7;0.0793219125;0.0917020246
33;5;3;0.7;0.106727421;0.1054338362
33;6;1;0.7;0;0.0648224952
33;6;2;0.7;0.0763747804;0.0866910082
33;6;3;0.7;0.1201495067;0.0879646562
33;7;1;0.7;0;0.0633500429
33;7;2;0.7;0.0682878952;0.0835195496
33;7;3;0.7;0.0932555797;0.0959578016
33;8;1;0.7;0;0.0896030135
33;8;2;0.7;0.0650285888;0.1037857445
33;8;3;0.7;0.0920712436;0.1006233493
33;9;1;0.7;0;0.0698991337
33;9;2;0.7;0.0685785693;0.0953399941
33;9;3;0.7;0.1062029258;0.0844771332
33;10;1;0.7;0;0.0679804663
33;10;2;0.7;0.0812164767;0.0980112354
33;10;3;0.7;0.0957981726;0.1016084956
34;1;1;0.7;0;0.0285535826
34;1;2;0.7;0.0306746962;0.0380365289
34;1;3;0.7;0.0360207;0.0379300658
34;2;1;0.7;0;0.0400195233
34;2;2;0.7;0.031356673;0.0461610444
34;2;3;0.7;0.0577131903;0.0530283207
34;3;1;0.7;0;0.0402306402
34;3;2;0.7;0.0426618753;0.0627370136
34;3;3;0.7;0.0573142855;0.0579309318
34;4;1;0.7;0;0.0637536502
34;4;2;0.7;0.059524335;0.0795437994
34;4;3;0.7;0.0636881783;0.0767167577
34;5;1;0.7;0;0.0747566654
34;5;2;0.7;0.0723505781;0.0998261813
34;5;3;0.7;0.1186498688;0.0850888186
34;6;1;0.7;0;0.0796822593
34;6;2;0.7;0.0950120311;0.0981846617
34;6;3;0.7;0.1225840773;0.1368972984
34;7;1;0.7;0;0.0709816944
34;7;2;0.7;0.0734470269;0.090891416
34;7;3;0.7;0.088723215;0.0882554643
34;8;1;0.7;0;0.0808633161
34;8;2;0.7;0.0660400238;0.1054518499
34;8;3;0.7;0.1061726702;0.0960442064
34;9;1;0.7;0;0.0934238933
34;9;2;0.7;0.0873425609;0.1030588657
34;9;3;0.7;0.0928106468;0.1051861687
34;10;1;0.7;0;0.0936587748
34;10;2;0.7;0.0738612847;0.0939681932
34;10;3;0.7;0.0927182963;0.0885852923
35;1;1;0.7;0;0.0149275406
35;1;2;0.7;0.0148453912;0.020996678
35;1;3;0.7;0.0203162941;0.0166749026
35;2;1;0.7;0;0.0190674937
35;2;2;0.7;0.0218970826;0.026736017
35;2;3;0.7;0.0303774809;0.0285623254
35;3;1;0.7;0;0.0285996315
35;3;2;0.7;0.0286890226;0.0328454641
35;3;3;0.7;0.0353398207;0.0325015852
35;4;1;0.7;0;0.0287970993
35;4;2;0.7;0.0313913557;0.0331536839
35;4;3;0.7;0.0335964791;0.0434094515
35;5;1;0.7;0;0.0397671963
35;5;2;0.7;0.0298687495;0.0494544902
35;5;3;0.7;0.0524905079;0.0504796664
35;6;1;0.7;0;0.0340100095
35;6;2;0.7;0.046585228;0.050233176
35;6;3;0.7;0.0586905857;0.0426616177
35;7;1;0.7;0;0.0768552663
35;7;2;0.7;0.0988521693;0.104303484
35;7;3;0.7;0.1398287283;0.1313559902
35;8;1;0.7;0;0.0899639468
35;8;2;0.7;0.0726086267;0.0905539923
35;8;3;0.7;0.0871399508;0.0993736005
35;9;1;0.7;0;0.087307215
35;9;2;0.7;0.0679924803;0.1204262256
35;9;3;0.7;0.0919894801;0.0916672765
35;10;1;0.7;0;0.0731071549
35;10;2;0.7;0.0752609452;0.1167813629
35;10;3;0.7;0.0838879638;0.1091585041
36;1;1;0.7;0.0300964487;0.0295072566
36;1;2;0.7;0.0277947299;0.0285248781
36;1;3;0.7;0.0369048643;0.0296184001
36;2;1;0.7;0.0287099771;0.0296048867
36;2;2;0.7;0.0267221857;0.0337133817
36;2;3;0.7;0.0272993147;0.0294603466
36;3;1;0.7;0.025576334;0.0339160849
36;3;2;0.7;0.034325504;0.0351908359
36;3;3;0.7;0.0276108662;0.029111063
36;4;1;0.7;0.0286266198;0.0314680944
36;4;2;0.7;0.0364206303;0.0374564816
36;4;3;0.7;0.0315520999;0.0325652452
36;5;1;0.7;0.025561919;0.0266421958
36;5;2;0.7;0.0294496433;0.0275355674
36;5;3;0.7;0.0331644409;0.0250973029
36;6;1;0.7;0.0280827317;0.0349926715
36;6;2;0.7;0.0268475546;0.0287399274
36;6;3;0.7;0.0254325293;0.0322043097
36;7;1;0.7;0.0251683966;0.02721404
36;7;2;0.7;0.0363992681;0.0369055191
36;7;3;0.7;0.0261080586;0.034117121
36;8;1;0.7;0.0333182241;0.0263745982
36;8;2;0.7;0.0324767149;0.0272139634
36;8;3;0.7;0.0353662491;0.0251873662
36;9;1;0.7;0.0356584701;0.0338720726
36;9;2;0.7;0.0307059639;0.0295914891
36;9;3;0.7;0.0281994027;0.0311619573
36;10;1;0.7;0.035835435;0.0359207683
36;10;2;0.7;0.0320375935;0.0352945066
36;10;3;0.7;0.0262262742;0.0344096544
