ID_COMPTE,MT_VM,PC_GAR_ECH,MT_GAR_ECH,PC_GAR_DECES,FREQ_RESET_DECES,MAX_RESET_DECES,MT_GAR_DECES,PC_REVENU_FDS,PC_HONORAIRES_GEST,TX_COMM_VENTE,TX_COMM_MAINTIEN,FRAIS_ACQUI,FRAIS_ADMIN,age_deb
1,"$65,301",100%,"$65,301",100%,1,80,"$65,301",2.20%,0.30%,3.00%,0.80%,$900,$100,49
2,"$31,945",100%,"$31,945",100%,1,80,"$31,945",2.20%,0.30%,3.00%,0.80%,$900,$100,9
3,"$28,716",100%,"$28,716",100%,1,80,"$28,716",2.20%,0.30%,3.00%,0.80%,$900,$100,57
4,"$34,104",100%,"$34,104",100%,1,80,"$34,104",2.20%,0.30%,3.00%,0.80%,$900,$100,29
5,"$45,183",100%,"$45,183",100%,1,80,"$45,183",2.20%,0.30%,3.00%,0.80%,$900,$100,1
6,"$88,599",100%,"$88,599",100%,1,80,"$88,599",2.20%,0.30%,3.00%,0.80%,$900,$100,5
7,"$37,871",100%,"$37,871",100%,1,80,"$37,871",2.20%,0.30%,3.00%,0.80%,$900,$100,53
8,"$21,692",100%,"$21,692",100%,1,80,"$21,692",2.20%,0.30%,3.00%,0.80%,$900,$100,49
9,"$95,106",100%,"$95,106",100%,1,80,"$95,106",2.20%,0.30%,3.00%,0.80%,$900,$100,46
10,"$89,379",100%,"$89,379",100%,1,80,"$89,379",2.20%,0.30%,3.00%,0.80%,$900,$100,3
11,"$17,718",100%,"$17,718",100%,1,80,"$17,718",2.20%,0.30%,3.00%,0.80%,$900,$100,55
12,"$23,952",100%,"$23,952",100%,1,80,"$23,952",2.20%,0.30%,3.00%,0.80%,$900,$100,39
13,"$56,992",100%,"$56,992",100%,1,80,"$56,992",2.20%,0.30%,3.00%,0.80%,$900,$100,57
14,"$66,450",100%,"$66,450",100%,1,80,"$66,450",2.20%,0.30%,3.00%,0.80%,$900,$100,81
15,"$1,781",100%,"$1,781",100%,1,80,"$1,781",2.20%,0.30%,3.00%,0.80%,$900,$100,5
16,"$23,249",100%,"$23,249",100%,1,80,"$23,249",2.20%,0.30%,3.00%,0.80%,$900,$100,11
17,"$65,070",100%,"$65,070",100%,1,80,"$65,070",2.20%,0.30%,3.00%,0.80%,$900,$100,5
18,"$65,722",100%,"$65,722",100%,1,80,"$65,722",2.20%,0.30%,3.00%,0.80%,$900,$100,70
19,"$23,954",100%,"$23,954",100%,1,80,"$23,954",2.20%,0.30%,3.00%,0.80%,$900,$100,53
20,"$16,992",100%,"$16,992",100%,1,80,"$16,992",2.20%,0.30%,3.00%,0.80%,$900,$100,50
21,"$91,499",100%,"$91,499",100%,1,80,"$91,499",2.20%,0.30%,3.00%,0.80%,$900,$100,25
22,"$69,313",100%,"$69,313",100%,1,80,"$69,313",2.20%,0.30%,3.00%,0.80%,$900,$100,92
23,"$21,341",100%,"$21,341",100%,1,80,"$21,341",2.20%,0.30%,3.00%,0.80%,$900,$100,28
24,"$4,164",100%,"$4,164",100%,1,80,"$4,164",2.20%,0.30%,3.00%,0.80%,$900,$100,66
25,"$68,057",100%,"$68,057",100%,1,80,"$68,057",2.20%,0.30%,3.00%,0.80%,$900,$100,32
26,"$89,846",100%,"$89,846",100%,1,80,"$89,846",2.20%,0.30%,3.00%,0.80%,$900,$100,22
27,"$80,849",100%,"$80,849",100%,1,80,"$80,849",2.20%,0.30%,3.00%,0.80%,$900,$100,3
28,"$74,490",100%,"$74,490",100%,1,80,"$74,490",2.20%,0.30%,3.00%,0.80%,$900,$100,81
29,"$31,560",100%,"$31,560",100%,1,80,"$31,560",2.20%,0.30%,3.00%,0.80%,$900,$100,57
30,"$96,802",100%,"$96,802",100%,1,80,"$96,802",2.20%,0.30%,3.00%,0.80%,$900,$100,16
31,"$49,975",100%,"$49,975",100%,1,80,"$49,975",2.20%,0.30%,3.00%,0.80%,$900,$100,55
32,"$90,927",100%,"$90,927",100%,1,80,"$90,927",2.20%,0.30%,3.00%,0.80%,$900,$100,35
33,"$3,630",100%,"$3,630",100%,1,80,"$3,630",2.20%,0.30%,3.00%,0.80%,$900,$100,34
34,"$50,199",100%,"$50,199",100%,1,80,"$50,199",2.20%,0.30%,3.00%,0.80%,$900,$100,39
35,"$72,387",100%,"$72,387",100%,1,80,"$72,387",2.20%,0.30%,3.00%,0.80%,$900,$100,54
36,"$34,346",100%,"$34,346",100%,1,80,"$34,346",2.20%,0.30%,3.00%,0.80%,$900,$100,28
37,"$85,804",100%,"$85,804",100%,1,80,"$85,804",2.20%,0.30%,3.00%,0.80%,$900,$100,43
38,"$23,215",100%,"$23,215",100%,1,80,"$23,215",2.20%,0.30%,3.00%,0.80%,$900,$100,84
39,"$5,204",100%,"$5,204",100%,1,80,"$5,204",2.20%,0.30%,3.00%,0.80%,$900,$100,56
40,"$47,102",100%,"$47,102",100%,1,80,"$47,102",2.20%,0.30%,3.00%,0.80%,$900,$100,23
41,"$43,034",100%,"$43,034",100%,1,80,"$43,034",2.20%,0.30%,3.00%,0.80%,$900,$100,91
42,"$76,792",100%,"$76,792",100%,1,80,"$76,792",2.20%,0.30%,3.00%,0.80%,$900,$100,22
43,"$29,915",100%,"$29,915",100%,1,80,"$29,915",2.20%,0.30%,3.00%,0.80%,$900,$100,25
44,"$56,193",100%,"$56,193",100%,1,80,"$56,193",2.20%,0.30%,3.00%,0.80%,$900,$100,93
45,"$14,054",100%,"$14,054",100%,1,80,"$14,054",2.20%,0.30%,3.00%,0.80%,$900,$100,1
46,"$6,706",100%,"$6,706",100%,1,80,"$6,706",2.20%,0.30%,3.00%,0.80%,$900,$100,3
47,"$7,668",100%,"$7,668",100%,1,80,"$7,668",2.20%,0.30%,3.00%,0.80%,$900,$100,4
48,"$41,175",100%,"$41,175",100%,1,80,"$41,175",2.20%,0.30%,3.00%,0.80%,$900,$100,37
49,"$50,778",100%,"$50,778",100%,1,80,"$50,778",2.20%,0.30%,3.00%,0.80%,$900,$100,76
50,"$98,552",100%,"$98,552",100%,1,80,"$98,552",2.20%,0.30%,3.00%,0.80%,$900,$100,30
51,"$9,103",100%,"$9,103",100%,1,80,"$9,103",2.20%,0.30%,3.00%,0.80%,$900,$100,13
52,"$28,057",100%,"$28,057",100%,1,80,"$28,057",2.20%,0.30%,3.00%,0.80%,$900,$100,88
53,"$91,464",100%,"$91,464",100%,1,80,"$91,464",2.20%,0.30%,3.00%,0.80%,$900,$100,70
54,"$19,836",100%,"$19,836",100%,1,80,"$19,836",2.20%,0.30%,3.00%,0.80%,$900,$100,88
55,"$70,729",100%,"$70,729",100%,1,80,"$70,729",2.20%,0.30%,3.00%,0.80%,$900,$100,45
56,"$78,485",100%,"$78,485",100%,1,80,"$78,485",2.20%,0.30%,3.00%,0.80%,$900,$100,21
57,"$76,422",100%,"$76,422",100%,1,80,"$76,422",2.20%,0.30%,3.00%,0.80%,$900,$100,26
58,$252,100%,$252,100%,1,80,$252,2.20%,0.30%,3.00%,0.80%,$900,$100,75
59,"$85,431",100%,"$85,431",100%,1,80,"$85,431",2.20%,0.30%,3.00%,0.80%,$900,$100,11
60,"$52,516",100%,"$52,516",100%,1,80,"$52,516",2.20%,0.30%,3.00%,0.80%,$900,$100,41
61,"$53,366",100%,"$53,366",100%,1,80,"$53,366",2.20%,0.30%,3.00%,0.80%,$900,$100,58
62,"$58,477",100%,"$58,477",100%,1,80,"$58,477",2.20%,0.30%,3.00%,0.80%,$900,$100,71
63,"$86,999",100%,"$86,999",100%,1,80,"$86,999",2.20%,0.30%,3.00%,0.80%,$900,$100,50
64,"$28,783",100%,"$28,783",100%,1,80,"$28,783",2.20%,0.30%,3.00%,0.80%,$900,$100,95
65,"$30,008",100%,"$30,008",100%,1,80,"$30,008",2.20%,0.30%,3.00%,0.80%,$900,$100,99
66,"$71,812",100%,"$71,812",100%,1,80,"$71,812",2.20%,0.30%,3.00%,0.80%,$900,$100,9
67,"$26,848",100%,"$26,848",100%,1,80,"$26,848",2.20%,0.30%,3.00%,0.80%,$900,$100,61
68,"$6,103",100%,"$6,103",100%,1,80,"$6,103",2.20%,0.30%,3.00%,0.80%,$900,$100,32
69,"$21,384",100%,"$21,384",100%,1,80,"$21,384",2.20%,0.30%,3.00%,0.80%,$900,$100,15
70,"$42,805",100%,"$42,805",100%,1,80,"$42,805",2.20%,0.30%,3.00%,0.80%,$900,$100,35
71,"$21,336",100%,"$21,336",100%,1,80,"$21,336",2.20%,0.30%,3.00%,0.80%,$900,$100,65
72,"$26,242",100%,"$26,242",100%,1,80,"$26,242",2.20%,0.30%,3.00%,0.80%,$900,$100,90
73,"$67,244",100%,"$67,244",100%,1,80,"$67,244",2.20%,0.30%,3.00%,0.80%,$900,$100,1
74,"$11,609",100%,"$11,609",100%,1,80,"$11,609",2.20%,0.30%,3.00%,0.80%,$900,$100,12
75,"$88,228",100%,"$88,228",100%,1,80,"$88,228",2.20%,0.30%,3.00%,0.80%,$900,$100,48
76,$465,100%,$465,100%,1,80,$465,2.20%,0.30%,3.00%,0.80%,$900,$100,19
77,"$24,094",100%,"$24,094",100%,1,80,"$24,094",2.20%,0.30%,3.00%,0.80%,$900,$100,22
78,"$39,320",100%,"$39,320",100%,1,80,"$39,320",2.20%,0.30%,3.00%,0.80%,$900,$100,72
79,"$66,453",100%,"$66,453",100%,1,80,"$66,453",2.20%,0.30%,3.00%,0.80%,$900,$100,67
80,"$18,410",100%,"$18,410",100%,1,80,"$18,410",2.20%,0.30%,3.00%,0.80%,$900,$100,1
81,"$2,416",100%,"$2,416",100%,1,80,"$2,416",2.20%,0.30%,3.00%,0.80%,$900,$100,49
82,"$96,971",100%,"$96,971",100%,1,80,"$96,971",2.20%,0.30%,3.00%,0.80%,$900,$100,18
83,"$53,731",100%,"$53,731",100%,1,80,"$53,731",2.20%,0.30%,3.00%,0.80%,$900,$100,15
84,"$24,122",100%,"$24,122",100%,1,80,"$24,122",2.20%,0.30%,3.00%,0.80%,$900,$100,4
85,"$2,394",100%,"$2,394",100%,1,80,"$2,394",2.20%,0.30%,3.00%,0.80%,$900,$100,94
86,"$84,975",100%,"$84,975",100%,1,80,"$84,975",2.20%,0.30%,3.00%,0.80%,$900,$100,43
87,"$44,570",100%,"$44,570",100%,1,80,"$44,570",2.20%,0.30%,3.00%,0.80%,$900,$100,79
88,"$70,538",100%,"$70,538",100%,1,80,"$70,538",2.20%,0.30%,3.00%,0.80%,$900,$100,49
89,"$7,259",100%,"$7,259",100%,1,80,"$7,259",2.20%,0.30%,3.00%,0.80%,$900,$100,96
90,"$26,622",100%,"$26,622",100%,1,80,"$26,622",2.20%,0.30%,3.00%,0.80%,$900,$100,17
91,"$42,181",100%,"$42,181",100%,1,80,"$42,181",2.20%,0.30%,3.00%,0.80%,$900,$100,38
92,"$57,858",100%,"$57,858",100%,1,80,"$57,858",2.20%,0.30%,3.00%,0.80%,$900,$100,69
93,$280,100%,$280,100%,1,80,$280,2.20%,0.30%,3.00%,0.80%,$900,$100,60
94,"$32,857",100%,"$32,857",100%,1,80,"$32,857",2.20%,0.30%,3.00%,0.80%,$900,$100,40
95,"$23,190",100%,"$23,190",100%,1,80,"$23,190",2.20%,0.30%,3.00%,0.80%,$900,$100,30
96,"$89,429",100%,"$89,429",100%,1,80,"$89,429",2.20%,0.30%,3.00%,0.80%,$900,$100,98
97,"$56,114",100%,"$56,114",100%,1,80,"$56,114",2.20%,0.30%,3.00%,0.80%,$900,$100,9
98,"$13,988",100%,"$13,988",100%,1,80,"$13,988",2.20%,0.30%,3.00%,0.80%,$900,$100,1
99,"$58,025",100%,"$58,025",100%,1,80,"$58,025",2.20%,0.30%,3.00%,0.80%,$900,$100,39
100,"$30,952",100%,"$30,952",100%,1,80,"$30,952",2.20%,0.30%,3.00%,0.80%,$900,$100,95
101,"$84,845",75%,"$63,634",100%,99,999,"$84,845",2.00%,0.30%,3.00%,0.80%,$900,$100,22
102,"$54,587",75%,"$40,940",100%,99,999,"$54,587",2.00%,0.30%,3.00%,0.80%,$900,$100,26
103,"$6,658",75%,"$4,994",100%,99,999,"$6,658",2.00%,0.30%,3.00%,0.80%,$900,$100,1
104,"$46,471",75%,"$34,853",100%,99,999,"$46,471",2.00%,0.30%,3.00%,0.80%,$900,$100,27
105,"$89,744",75%,"$67,308",100%,99,999,"$89,744",2.00%,0.30%,3.00%,0.80%,$900,$100,57
106,"$14,139",75%,"$10,604",100%,99,999,"$14,139",2.00%,0.30%,3.00%,0.80%,$900,$100,89
107,"$86,685",75%,"$65,014",100%,99,999,"$86,685",2.00%,0.30%,3.00%,0.80%,$900,$100,79
108,"$56,227",75%,"$42,170",100%,99,999,"$56,227",2.00%,0.30%,3.00%,0.80%,$900,$100,48
109,"$39,183",75%,"$29,387",100%,99,999,"$39,183",2.00%,0.30%,3.00%,0.80%,$900,$100,74
110,"$99,886",75%,"$74,914",100%,99,999,"$99,886",2.00%,0.30%,3.00%,0.80%,$900,$100,8
111,"$15,487",75%,"$11,616",100%,99,999,"$15,487",2.00%,0.30%,3.00%,0.80%,$900,$100,94
112,"$16,769",75%,"$12,577",100%,99,999,"$16,769",2.00%,0.30%,3.00%,0.80%,$900,$100,59
113,"$73,531",75%,"$55,149",100%,99,999,"$73,531",2.00%,0.30%,3.00%,0.80%,$900,$100,4
114,"$7,732",75%,"$5,799",100%,99,999,"$7,732",2.00%,0.30%,3.00%,0.80%,$900,$100,41
115,"$68,157",75%,"$51,118",100%,99,999,"$68,157",2.00%,0.30%,3.00%,0.80%,$900,$100,64
116,"$5,995",75%,"$4,496",100%,99,999,"$5,995",2.00%,0.30%,3.00%,0.80%,$900,$100,76
117,"$27,127",75%,"$20,345",100%,99,999,"$27,127",2.00%,0.30%,3.00%,0.80%,$900,$100,70
118,"$39,787",75%,"$29,840",100%,99,999,"$39,787",2.00%,0.30%,3.00%,0.80%,$900,$100,11
119,"$27,003",75%,"$20,253",100%,99,999,"$27,003",2.00%,0.30%,3.00%,0.80%,$900,$100,13
120,"$12,633",75%,"$9,474",100%,99,999,"$12,633",2.00%,0.30%,3.00%,0.80%,$900,$100,28
121,"$35,353",75%,"$26,515",100%,99,999,"$35,353",2.00%,0.30%,3.00%,0.80%,$900,$100,42
122,"$55,109",75%,"$41,332",100%,99,999,"$55,109",2.00%,0.30%,3.00%,0.80%,$900,$100,16
123,"$15,208",75%,"$11,406",100%,99,999,"$15,208",2.00%,0.30%,3.00%,0.80%,$900,$100,48
124,"$23,182",75%,"$17,386",100%,99,999,"$23,182",2.00%,0.30%,3.00%,0.80%,$900,$100,42
125,"$31,009",75%,"$23,256",100%,99,999,"$31,009",2.00%,0.30%,3.00%,0.80%,$900,$100,3
126,"$66,776",75%,"$50,082",100%,99,999,"$66,776",2.00%,0.30%,3.00%,0.80%,$900,$100,32
127,"$67,307",75%,"$50,480",100%,99,999,"$67,307",2.00%,0.30%,3.00%,0.80%,$900,$100,13
128,"$38,178",75%,"$28,633",100%,99,999,"$38,178",2.00%,0.30%,3.00%,0.80%,$900,$100,2
129,"$49,850",75%,"$37,387",100%,99,999,"$49,850",2.00%,0.30%,3.00%,0.80%,$900,$100,57
130,"$32,275",75%,"$24,206",100%,99,999,"$32,275",2.00%,0.30%,3.00%,0.80%,$900,$100,90
131,"$81,960",75%,"$61,470",100%,99,999,"$81,960",2.00%,0.30%,3.00%,0.80%,$900,$100,11
132,"$45,977",75%,"$34,483",100%,99,999,"$45,977",2.00%,0.30%,3.00%,0.80%,$900,$100,42
133,"$7,619",75%,"$5,715",100%,99,999,"$7,619",2.00%,0.30%,3.00%,0.80%,$900,$100,46
134,"$46,365",75%,"$34,774",100%,99,999,"$46,365",2.00%,0.30%,3.00%,0.80%,$900,$100,99
135,"$84,354",75%,"$63,266",100%,99,999,"$84,354",2.00%,0.30%,3.00%,0.80%,$900,$100,7
136,"$87,659",75%,"$65,744",100%,99,999,"$87,659",2.00%,0.30%,3.00%,0.80%,$900,$100,71
137,"$43,825",75%,"$32,869",100%,99,999,"$43,825",2.00%,0.30%,3.00%,0.80%,$900,$100,17
138,"$37,985",75%,"$28,489",100%,99,999,"$37,985",2.00%,0.30%,3.00%,0.80%,$900,$100,76
139,"$27,745",75%,"$20,809",100%,99,999,"$27,745",2.00%,0.30%,3.00%,0.80%,$900,$100,90
140,"$51,748",75%,"$38,811",100%,99,999,"$51,748",2.00%,0.30%,3.00%,0.80%,$900,$100,84
141,"$56,301",75%,"$42,226",100%,99,999,"$56,301",2.00%,0.30%,3.00%,0.80%,$900,$100,20
142,"$41,832",75%,"$31,374",100%,99,999,"$41,832",2.00%,0.30%,3.00%,0.80%,$900,$100,29
143,"$82,790",75%,"$62,092",100%,99,999,"$82,790",2.00%,0.30%,3.00%,0.80%,$900,$100,94
144,"$23,467",75%,"$17,600",100%,99,999,"$23,467",2.00%,0.30%,3.00%,0.80%,$900,$100,49
145,"$43,380",75%,"$32,535",100%,99,999,"$43,380",2.00%,0.30%,3.00%,0.80%,$900,$100,7
146,"$65,364",75%,"$49,023",100%,99,999,"$65,364",2.00%,0.30%,3.00%,0.80%,$900,$100,93
147,"$21,327",75%,"$15,995",100%,99,999,"$21,327",2.00%,0.30%,3.00%,0.80%,$900,$100,74
148,"$80,415",75%,"$60,311",100%,99,999,"$80,415",2.00%,0.30%,3.00%,0.80%,$900,$100,87
149,"$43,696",75%,"$32,772",100%,99,999,"$43,696",2.00%,0.30%,3.00%,0.80%,$900,$100,32
150,"$80,655",75%,"$60,492",100%,99,999,"$80,655",2.00%,0.30%,3.00%,0.80%,$900,$100,23
151,"$40,983",75%,"$30,737",100%,99,999,"$40,983",2.00%,0.30%,3.00%,0.80%,$900,$100,45
152,"$42,459",75%,"$31,844",100%,99,999,"$42,459",2.00%,0.30%,3.00%,0.80%,$900,$100,20
153,"$45,810",75%,"$34,358",100%,99,999,"$45,810",2.00%,0.30%,3.00%,0.80%,$900,$100,18
154,"$62,625",75%,"$46,969",100%,99,999,"$62,625",2.00%,0.30%,3.00%,0.80%,$900,$100,81
155,"$48,822",75%,"$36,617",100%,99,999,"$48,822",2.00%,0.30%,3.00%,0.80%,$900,$100,49
156,"$29,033",75%,"$21,774",100%,99,999,"$29,033",2.00%,0.30%,3.00%,0.80%,$900,$100,97
157,"$39,937",75%,"$29,953",100%,99,999,"$39,937",2.00%,0.30%,3.00%,0.80%,$900,$100,11
158,"$33,190",75%,"$24,892",100%,99,999,"$33,190",2.00%,0.30%,3.00%,0.80%,$900,$100,91
159,"$89,436",75%,"$67,077",100%,99,999,"$89,436",2.00%,0.30%,3.00%,0.80%,$900,$100,27
160,"$98,646",75%,"$73,984",100%,99,999,"$98,646",2.00%,0.30%,3.00%,0.80%,$900,$100,47
161,"$55,715",75%,"$41,786",100%,99,999,"$55,715",2.00%,0.30%,3.00%,0.80%,$900,$100,1
162,"$98,169",75%,"$73,626",100%,99,999,"$98,169",2.00%,0.30%,3.00%,0.80%,$900,$100,15
163,"$46,864",75%,"$35,148",100%,99,999,"$46,864",2.00%,0.30%,3.00%,0.80%,$900,$100,40
164,"$68,707",75%,"$51,530",100%,99,999,"$68,707",2.00%,0.30%,3.00%,0.80%,$900,$100,99
165,"$5,656",75%,"$4,242",100%,99,999,"$5,656",2.00%,0.30%,3.00%,0.80%,$900,$100,30
166,"$74,176",75%,"$55,632",100%,99,999,"$74,176",2.00%,0.30%,3.00%,0.80%,$900,$100,22
167,"$63,379",75%,"$47,534",100%,99,999,"$63,379",2.00%,0.30%,3.00%,0.80%,$900,$100,79
168,"$27,401",75%,"$20,551",100%,99,999,"$27,401",2.00%,0.30%,3.00%,0.80%,$900,$100,25
169,"$16,709",75%,"$12,532",100%,99,999,"$16,709",2.00%,0.30%,3.00%,0.80%,$900,$100,84
170,"$43,310",75%,"$32,483",100%,99,999,"$43,310",2.00%,0.30%,3.00%,0.80%,$900,$100,39
171,"$13,339",75%,"$10,004",100%,99,999,"$13,339",2.00%,0.30%,3.00%,0.80%,$900,$100,7
172,"$1,027",75%,$770,100%,99,999,"$1,027",2.00%,0.30%,3.00%,0.80%,$900,$100,78
173,"$13,147",75%,"$9,860",100%,99,999,"$13,147",2.00%,0.30%,3.00%,0.80%,$900,$100,91
174,"$53,613",75%,"$40,210",100%,99,999,"$53,613",2.00%,0.30%,3.00%,0.80%,$900,$100,14
175,"$22,167",75%,"$16,625",100%,99,999,"$22,167",2.00%,0.30%,3.00%,0.80%,$900,$100,68
176,"$6,314",75%,"$4,736",100%,99,999,"$6,314",2.00%,0.30%,3.00%,0.80%,$900,$100,36
177,"$2,661",75%,"$1,996",100%,99,999,"$2,661",2.00%,0.30%,3.00%,0.80%,$900,$100,31
178,"$33,820",75%,"$25,365",100%,99,999,"$33,820",2.00%,0.30%,3.00%,0.80%,$900,$100,77
179,"$80,278",75%,"$60,208",100%,99,999,"$80,278",2.00%,0.30%,3.00%,0.80%,$900,$100,60
180,"$21,162",75%,"$15,871",100%,99,999,"$21,162",2.00%,0.30%,3.00%,0.80%,$900,$100,57
181,"$96,723",75%,"$72,543",100%,99,999,"$96,723",2.00%,0.30%,3.00%,0.80%,$900,$100,10
182,"$56,148",75%,"$42,111",100%,99,999,"$56,148",2.00%,0.30%,3.00%,0.80%,$900,$100,71
183,"$53,589",75%,"$40,192",100%,99,999,"$53,589",2.00%,0.30%,3.00%,0.80%,$900,$100,75
184,"$4,558",75%,"$3,419",100%,99,999,"$4,558",2.00%,0.30%,3.00%,0.80%,$900,$100,44
185,"$67,797",75%,"$50,848",100%,99,999,"$67,797",2.00%,0.30%,3.00%,0.80%,$900,$100,40
186,"$39,476",75%,"$29,607",100%,99,999,"$39,476",2.00%,0.30%,3.00%,0.80%,$900,$100,76
187,"$41,484",75%,"$31,113",100%,99,999,"$41,484",2.00%,0.30%,3.00%,0.80%,$900,$100,30
188,"$67,379",75%,"$50,534",100%,99,999,"$67,379",2.00%,0.30%,3.00%,0.80%,$900,$100,12
189,"$63,165",75%,"$47,374",100%,99,999,"$63,165",2.00%,0.30%,3.00%,0.80%,$900,$100,65
190,"$95,971",75%,"$71,978",100%,99,999,"$95,971",2.00%,0.30%,3.00%,0.80%,$900,$100,78
191,"$56,022",75%,"$42,016",100%,99,999,"$56,022",2.00%,0.30%,3.00%,0.80%,$900,$100,1
192,"$78,737",75%,"$59,052",100%,99,999,"$78,737",2.00%,0.30%,3.00%,0.80%,$900,$100,31
193,"$20,560",75%,"$15,420",100%,99,999,"$20,560",2.00%,0.30%,3.00%,0.80%,$900,$100,94
194,"$32,566",75%,"$24,424",100%,99,999,"$32,566",2.00%,0.30%,3.00%,0.80%,$900,$100,17
195,"$83,248",75%,"$62,436",100%,99,999,"$83,248",2.00%,0.30%,3.00%,0.80%,$900,$100,39
196,"$61,196",75%,"$45,897",100%,99,999,"$61,196",2.00%,0.30%,3.00%,0.80%,$900,$100,50
197,"$83,301",75%,"$62,476",100%,99,999,"$83,301",2.00%,0.30%,3.00%,0.80%,$900,$100,23
198,"$57,790",75%,"$43,342",100%,99,999,"$57,790",2.00%,0.30%,3.00%,0.80%,$900,$100,28
199,"$73,389",75%,"$55,042",100%,99,999,"$73,389",2.00%,0.30%,3.00%,0.80%,$900,$100,52
200,"$34,509",75%,"$25,882",100%,99,999,"$34,509",2.00%,0.30%,3.00%,0.80%,$900,$100,81
201,"$50,545",100%,"$50,545",100%,1,80,"$50,545",2.20%,0.30%,3.00%,0.80%,$900,$100,64
202,"$3,475",100%,"$3,475",100%,1,80,"$3,475",2.20%,0.30%,3.00%,0.80%,$900,$100,47
203,"$85,987",100%,"$85,987",100%,1,80,"$85,987",2.20%,0.30%,3.00%,0.80%,$900,$100,85
204,"$90,892",100%,"$90,892",100%,1,80,"$90,892",2.20%,0.30%,3.00%,0.80%,$900,$100,93
205,"$78,770",100%,"$78,770",100%,1,80,"$78,770",2.20%,0.30%,3.00%,0.80%,$900,$100,73
206,"$86,353",100%,"$86,353",100%,1,80,"$86,353",2.20%,0.30%,3.00%,0.80%,$900,$100,87
207,"$67,761",100%,"$67,761",100%,1,80,"$67,761",2.20%,0.30%,3.00%,0.80%,$900,$100,30
208,"$31,921",100%,"$31,921",100%,1,80,"$31,921",2.20%,0.30%,3.00%,0.80%,$900,$100,29
209,"$55,460",100%,"$55,460",100%,1,80,"$55,460",2.20%,0.30%,3.00%,0.80%,$900,$100,30
210,"$15,227",100%,"$15,227",100%,1,80,"$15,227",2.20%,0.30%,3.00%,0.80%,$900,$100,75
211,"$8,077",100%,"$8,077",100%,1,80,"$8,077",2.20%,0.30%,3.00%,0.80%,$900,$100,89
212,"$52,462",100%,"$52,462",100%,1,80,"$52,462",2.20%,0.30%,3.00%,0.80%,$900,$100,39
213,"$54,581",100%,"$54,581",100%,1,80,"$54,581",2.20%,0.30%,3.00%,0.80%,$900,$100,8
214,"$87,670",100%,"$87,670",100%,1,80,"$87,670",2.20%,0.30%,3.00%,0.80%,$900,$100,25
215,"$49,432",100%,"$49,432",100%,1,80,"$49,432",2.20%,0.30%,3.00%,0.80%,$900,$100,55
216,"$87,119",100%,"$87,119",100%,1,80,"$87,119",2.20%,0.30%,3.00%,0.80%,$900,$100,82
217,"$78,578",100%,"$78,578",100%,1,80,"$78,578",2.20%,0.30%,3.00%,0.80%,$900,$100,36
218,"$70,056",100%,"$70,056",100%,1,80,"$70,056",2.20%,0.30%,3.00%,0.80%,$900,$100,37
219,"$19,420",100%,"$19,420",100%,1,80,"$19,420",2.20%,0.30%,3.00%,0.80%,$900,$100,69
220,"$56,729",100%,"$56,729",100%,1,80,"$56,729",2.20%,0.30%,3.00%,0.80%,$900,$100,28
221,"$33,673",100%,"$33,673",100%,1,80,"$33,673",2.20%,0.30%,3.00%,0.80%,$900,$100,29
222,"$36,787",100%,"$36,787",100%,1,80,"$36,787",2.20%,0.30%,3.00%,0.80%,$900,$100,4
223,"$65,199",100%,"$65,199",100%,1,80,"$65,199",2.20%,0.30%,3.00%,0.80%,$900,$100,52
224,"$90,091",100%,"$90,091",100%,1,80,"$90,091",2.20%,0.30%,3.00%,0.80%,$900,$100,98
225,"$22,306",100%,"$22,306",100%,1,80,"$22,306",2.20%,0.30%,3.00%,0.80%,$900,$100,51
226,"$10,091",100%,"$10,091",100%,1,80,"$10,091",2.20%,0.30%,3.00%,0.80%,$900,$100,8
227,"$82,275",100%,"$82,275",100%,1,80,"$82,275",2.20%,0.30%,3.00%,0.80%,$900,$100,10
228,"$67,759",100%,"$67,759",100%,1,80,"$67,759",2.20%,0.30%,3.00%,0.80%,$900,$100,3
229,"$14,738",100%,"$14,738",100%,1,80,"$14,738",2.20%,0.30%,3.00%,0.80%,$900,$100,41
230,"$53,412",100%,"$53,412",100%,1,80,"$53,412",2.20%,0.30%,3.00%,0.80%,$900,$100,64
231,"$98,852",100%,"$98,852",100%,1,80,"$98,852",2.20%,0.30%,3.00%,0.80%,$900,$100,71
232,"$96,130",100%,"$96,130",100%,1,80,"$96,130",2.20%,0.30%,3.00%,0.80%,$900,$100,9
233,"$41,583",100%,"$41,583",100%,1,80,"$41,583",2.20%,0.30%,3.00%,0.80%,$900,$100,10
234,"$63,596",100%,"$63,596",100%,1,80,"$63,596",2.20%,0.30%,3.00%,0.80%,$900,$100,45
235,"$98,117",100%,"$98,117",100%,1,80,"$98,117",2.20%,0.30%,3.00%,0.80%,$900,$100,53
236,"$32,069",100%,"$32,069",100%,1,80,"$32,069",2.20%,0.30%,3.00%,0.80%,$900,$100,50
237,"$63,222",100%,"$63,222",100%,1,80,"$63,222",2.20%,0.30%,3.00%,0.80%,$900,$100,17
238,"$76,019",100%,"$76,019",100%,1,80,"$76,019",2.20%,0.30%,3.00%,0.80%,$900,$100,82
239,"$1,718",100%,"$1,718",100%,1,80,"$1,718",2.20%,0.30%,3.00%,0.80%,$900,$100,30
240,"$19,243",100%,"$19,243",100%,1,80,"$19,243",2.20%,0.30%,3.00%,0.80%,$900,$100,93
241,"$20,874",100%,"$20,874",100%,1,80,"$20,874",2.20%,0.30%,3.00%,0.80%,$900,$100,36
242,"$84,986",100%,"$84,986",100%,1,80,"$84,986",2.20%,0.30%,3.00%,0.80%,$900,$100,71
243,"$12,705",100%,"$12,705",100%,1,80,"$12,705",2.20%,0.30%,3.00%,0.80%,$900,$100,70
244,"$87,399",100%,"$87,399",100%,1,80,"$87,399",2.20%,0.30%,3.00%,0.80%,$900,$100,16
245,"$43,210",100%,"$43,210",100%,1,80,"$43,210",2.20%,0.30%,3.00%,0.80%,$900,$100,17
246,"$99,798",100%,"$99,798",100%,1,80,"$99,798",2.20%,0.30%,3.00%,0.80%,$900,$100,54
247,"$24,702",100%,"$24,702",100%,1,80,"$24,702",2.20%,0.30%,3.00%,0.80%,$900,$100,20
248,"$21,297",100%,"$21,297",100%,1,80,"$21,297",2.20%,0.30%,3.00%,0.80%,$900,$100,77
249,"$37,829",100%,"$37,829",100%,1,80,"$37,829",2.20%,0.30%,3.00%,0.80%,$900,$100,66
250,"$27,840",100%,"$27,840",100%,1,80,"$27,840",2.20%,0.30%,3.00%,0.80%,$900,$100,46
251,"$40,952",100%,"$40,952",100%,1,80,"$40,952",2.20%,0.30%,3.00%,0.80%,$900,$100,16
252,"$75,114",100%,"$75,114",100%,1,80,"$75,114",2.20%,0.30%,3.00%,0.80%,$900,$100,28
253,"$29,105",100%,"$29,105",100%,1,80,"$29,105",2.20%,0.30%,3.00%,0.80%,$900,$100,51
254,$219,100%,$219,100%,1,80,$219,2.20%,0.30%,3.00%,0.80%,$900,$100,49
255,"$93,030",100%,"$93,030",100%,1,80,"$93,030",2.20%,0.30%,3.00%,0.80%,$900,$100,36
256,"$86,153",100%,"$86,153",100%,1,80,"$86,153",2.20%,0.30%,3.00%,0.80%,$900,$100,85
257,"$16,375",100%,"$16,375",100%,1,80,"$16,375",2.20%,0.30%,3.00%,0.80%,$900,$100,58
258,"$41,933",100%,"$41,933",100%,1,80,"$41,933",2.20%,0.30%,3.00%,0.80%,$900,$100,30
259,"$89,341",100%,"$89,341",100%,1,80,"$89,341",2.20%,0.30%,3.00%,0.80%,$900,$100,18
260,"$75,758",100%,"$75,758",100%,1,80,"$75,758",2.20%,0.30%,3.00%,0.80%,$900,$100,36
261,"$68,147",100%,"$68,147",100%,1,80,"$68,147",2.20%,0.30%,3.00%,0.80%,$900,$100,67
262,"$79,972",100%,"$79,972",100%,1,80,"$79,972",2.20%,0.30%,3.00%,0.80%,$900,$100,76
263,"$40,874",100%,"$40,874",100%,1,80,"$40,874",2.20%,0.30%,3.00%,0.80%,$900,$100,76
264,"$17,329",100%,"$17,329",100%,1,80,"$17,329",2.20%,0.30%,3.00%,0.80%,$900,$100,27
265,"$70,736",100%,"$70,736",100%,1,80,"$70,736",2.20%,0.30%,3.00%,0.80%,$900,$100,52
266,"$40,814",100%,"$40,814",100%,1,80,"$40,814",2.20%,0.30%,3.00%,0.80%,$900,$100,48
267,"$61,794",100%,"$61,794",100%,1,80,"$61,794",2.20%,0.30%,3.00%,0.80%,$900,$100,67
268,"$88,668",100%,"$88,668",100%,1,80,"$88,668",2.20%,0.30%,3.00%,0.80%,$900,$100,20
269,"$16,263",100%,"$16,263",100%,1,80,"$16,263",2.20%,0.30%,3.00%,0.80%,$900,$100,4
270,"$51,072",100%,"$51,072",100%,1,80,"$51,072",2.20%,0.30%,3.00%,0.80%,$900,$100,55
271,"$74,457",100%,"$74,457",100%,1,80,"$74,457",2.20%,0.30%,3.00%,0.80%,$900,$100,74
272,"$90,884",100%,"$90,884",100%,1,80,"$90,884",2.20%,0.30%,3.00%,0.80%,$900,$100,58
273,"$42,827",100%,"$42,827",100%,1,80,"$42,827",2.20%,0.30%,3.00%,0.80%,$900,$100,13
274,"$64,136",100%,"$64,136",100%,1,80,"$64,136",2.20%,0.30%,3.00%,0.80%,$900,$100,41
275,"$75,979",100%,"$75,979",100%,1,80,"$75,979",2.20%,0.30%,3.00%,0.80%,$900,$100,32
276,"$35,228",100%,"$35,228",100%,1,80,"$35,228",2.20%,0.30%,3.00%,0.80%,$900,$100,4
277,"$80,134",100%,"$80,134",100%,1,80,"$80,134",2.20%,0.30%,3.00%,0.80%,$900,$100,99
278,"$30,524",100%,"$30,524",100%,1,80,"$30,524",2.20%,0.30%,3.00%,0.80%,$900,$100,87
279,"$34,198",100%,"$34,198",100%,1,80,"$34,198",2.20%,0.30%,3.00%,0.80%,$900,$100,1
280,"$65,147",100%,"$65,147",100%,1,80,"$65,147",2.20%,0.30%,3.00%,0.80%,$900,$100,0
281,"$77,562",100%,"$77,562",100%,1,80,"$77,562",2.20%,0.30%,3.00%,0.80%,$900,$100,69
282,"$18,342",100%,"$18,342",100%,1,80,"$18,342",2.20%,0.30%,3.00%,0.80%,$900,$100,28
283,"$66,265",100%,"$66,265",100%,1,80,"$66,265",2.20%,0.30%,3.00%,0.80%,$900,$100,86
284,"$19,382",100%,"$19,382",100%,1,80,"$19,382",2.20%,0.30%,3.00%,0.80%,$900,$100,44
285,"$27,049",100%,"$27,049",100%,1,80,"$27,049",2.20%,0.30%,3.00%,0.80%,$900,$100,13
286,"$15,259",100%,"$15,259",100%,1,80,"$15,259",2.20%,0.30%,3.00%,0.80%,$900,$100,29
287,"$5,686",100%,"$5,686",100%,1,80,"$5,686",2.20%,0.30%,3.00%,0.80%,$900,$100,91
288,"$22,415",100%,"$22,415",100%,1,80,"$22,415",2.20%,0.30%,3.00%,0.80%,$900,$100,31
289,"$39,220",100%,"$39,220",100%,1,80,"$39,220",2.20%,0.30%,3.00%,0.80%,$900,$100,31
290,"$77,378",100%,"$77,378",100%,1,80,"$77,378",2.20%,0.30%,3.00%,0.80%,$900,$100,10
291,"$54,475",100%,"$54,475",100%,1,80,"$54,475",2.20%,0.30%,3.00%,0.80%,$900,$100,31
292,"$52,004",100%,"$52,004",100%,1,80,"$52,004",2.20%,0.30%,3.00%,0.80%,$900,$100,6
293,"$64,554",100%,"$64,554",100%,1,80,"$64,554",2.20%,0.30%,3.00%,0.80%,$900,$100,86
294,"$88,911",100%,"$88,911",100%,1,80,"$88,911",2.20%,0.30%,3.00%,0.80%,$900,$100,49
295,"$54,261",100%,"$54,261",100%,1,80,"$54,261",2.20%,0.30%,3.00%,0.80%,$900,$100,98
296,"$42,409",100%,"$42,409",100%,1,80,"$42,409",2.20%,0.30%,3.00%,0.80%,$900,$100,14
297,"$39,660",100%,"$39,660",100%,1,80,"$39,660",2.20%,0.30%,3.00%,0.80%,$900,$100,4
298,"$11,842",100%,"$11,842",100%,1,80,"$11,842",2.20%,0.30%,3.00%,0.80%,$900,$100,56
299,"$76,659",100%,"$76,659",100%,1,80,"$76,659",2.20%,0.30%,3.00%,0.80%,$900,$100,84
300,"$26,547",100%,"$26,547",100%,1,80,"$26,547",2.20%,0.30%,3.00%,0.80%,$900,$100,85
301,"$11,901",75%,"$8,926",100%,99,999,"$11,901",2.00%,0.30%,3.00%,0.80%,$900,$100,89
302,"$92,211",75%,"$69,158",100%,99,999,"$92,211",2.00%,0.30%,3.00%,0.80%,$900,$100,21
303,"$64,780",75%,"$48,585",100%,99,999,"$64,780",2.00%,0.30%,3.00%,0.80%,$900,$100,77
304,"$13,783",75%,"$10,337",100%,99,999,"$13,783",2.00%,0.30%,3.00%,0.80%,$900,$100,56
305,"$19,152",75%,"$14,364",100%,99,999,"$19,152",2.00%,0.30%,3.00%,0.80%,$900,$100,45
306,"$12,800",75%,"$9,600",100%,99,999,"$12,800",2.00%,0.30%,3.00%,0.80%,$900,$100,56
307,"$3,952",75%,"$2,964",100%,99,999,"$3,952",2.00%,0.30%,3.00%,0.80%,$900,$100,84
308,"$28,685",75%,"$21,513",100%,99,999,"$28,685",2.00%,0.30%,3.00%,0.80%,$900,$100,11
309,"$96,104",75%,"$72,078",100%,99,999,"$96,104",2.00%,0.30%,3.00%,0.80%,$900,$100,52
310,"$20,248",75%,"$15,186",100%,99,999,"$20,248",2.00%,0.30%,3.00%,0.80%,$900,$100,21
311,"$69,682",75%,"$52,262",100%,99,999,"$69,682",2.00%,0.30%,3.00%,0.80%,$900,$100,97
312,"$5,939",75%,"$4,454",100%,99,999,"$5,939",2.00%,0.30%,3.00%,0.80%,$900,$100,91
313,"$22,262",75%,"$16,696",100%,99,999,"$22,262",2.00%,0.30%,3.00%,0.80%,$900,$100,39
314,"$46,194",75%,"$34,646",100%,99,999,"$46,194",2.00%,0.30%,3.00%,0.80%,$900,$100,3
315,"$8,998",75%,"$6,748",100%,99,999,"$8,998",2.00%,0.30%,3.00%,0.80%,$900,$100,3
316,"$98,125",75%,"$73,594",100%,99,999,"$98,125",2.00%,0.30%,3.00%,0.80%,$900,$100,94
317,"$77,449",75%,"$58,087",100%,99,999,"$77,449",2.00%,0.30%,3.00%,0.80%,$900,$100,69
318,"$56,109",75%,"$42,081",100%,99,999,"$56,109",2.00%,0.30%,3.00%,0.80%,$900,$100,7
319,"$2,428",75%,"$1,821",100%,99,999,"$2,428",2.00%,0.30%,3.00%,0.80%,$900,$100,27
320,"$52,852",75%,"$39,639",100%,99,999,"$52,852",2.00%,0.30%,3.00%,0.80%,$900,$100,18
321,"$96,879",75%,"$72,660",100%,99,999,"$96,879",2.00%,0.30%,3.00%,0.80%,$900,$100,71
322,"$86,140",75%,"$64,605",100%,99,999,"$86,140",2.00%,0.30%,3.00%,0.80%,$900,$100,0
323,"$10,264",75%,"$7,698",100%,99,999,"$10,264",2.00%,0.30%,3.00%,0.80%,$900,$100,64
324,"$89,741",75%,"$67,306",100%,99,999,"$89,741",2.00%,0.30%,3.00%,0.80%,$900,$100,92
325,"$44,240",75%,"$33,180",100%,99,999,"$44,240",2.00%,0.30%,3.00%,0.80%,$900,$100,55
326,"$77,446",75%,"$58,084",100%,99,999,"$77,446",2.00%,0.30%,3.00%,0.80%,$900,$100,11
327,"$32,406",75%,"$24,304",100%,99,999,"$32,406",2.00%,0.30%,3.00%,0.80%,$900,$100,96
328,"$96,775",75%,"$72,582",100%,99,999,"$96,775",2.00%,0.30%,3.00%,0.80%,$900,$100,8
329,"$78,708",75%,"$59,031",100%,99,999,"$78,708",2.00%,0.30%,3.00%,0.80%,$900,$100,77
330,"$23,566",75%,"$17,675",100%,99,999,"$23,566",2.00%,0.30%,3.00%,0.80%,$900,$100,2
331,"$26,202",75%,"$19,651",100%,99,999,"$26,202",2.00%,0.30%,3.00%,0.80%,$900,$100,91
332,"$20,256",75%,"$15,192",100%,99,999,"$20,256",2.00%,0.30%,3.00%,0.80%,$900,$100,56
333,"$75,233",75%,"$56,425",100%,99,999,"$75,233",2.00%,0.30%,3.00%,0.80%,$900,$100,71
334,"$8,070",75%,"$6,052",100%,99,999,"$8,070",2.00%,0.30%,3.00%,0.80%,$900,$100,75
335,"$69,702",75%,"$52,276",100%,99,999,"$69,702",2.00%,0.30%,3.00%,0.80%,$900,$100,23
336,"$16,232",75%,"$12,174",100%,99,999,"$16,232",2.00%,0.30%,3.00%,0.80%,$900,$100,28
337,"$23,468",75%,"$17,601",100%,99,999,"$23,468",2.00%,0.30%,3.00%,0.80%,$900,$100,60
338,"$94,827",75%,"$71,120",100%,99,999,"$94,827",2.00%,0.30%,3.00%,0.80%,$900,$100,23
339,"$48,994",75%,"$36,746",100%,99,999,"$48,994",2.00%,0.30%,3.00%,0.80%,$900,$100,99
340,"$29,205",75%,"$21,903",100%,99,999,"$29,205",2.00%,0.30%,3.00%,0.80%,$900,$100,13
341,"$24,880",75%,"$18,660",100%,99,999,"$24,880",2.00%,0.30%,3.00%,0.80%,$900,$100,70
342,"$90,443",75%,"$67,832",100%,99,999,"$90,443",2.00%,0.30%,3.00%,0.80%,$900,$100,85
343,"$59,025",75%,"$44,269",100%,99,999,"$59,025",2.00%,0.30%,3.00%,0.80%,$900,$100,12
344,"$80,148",75%,"$60,111",100%,99,999,"$80,148",2.00%,0.30%,3.00%,0.80%,$900,$100,33
345,"$90,669",75%,"$68,002",100%,99,999,"$90,669",2.00%,0.30%,3.00%,0.80%,$900,$100,18
346,"$52,366",75%,"$39,274",100%,99,999,"$52,366",2.00%,0.30%,3.00%,0.80%,$900,$100,35
347,"$89,832",75%,"$67,374",100%,99,999,"$89,832",2.00%,0.30%,3.00%,0.80%,$900,$100,25
348,"$89,157",75%,"$66,867",100%,99,999,"$89,157",2.00%,0.30%,3.00%,0.80%,$900,$100,28
349,"$73,843",75%,"$55,383",100%,99,999,"$73,843",2.00%,0.30%,3.00%,0.80%,$900,$100,79
350,"$20,023",75%,"$15,017",100%,99,999,"$20,023",2.00%,0.30%,3.00%,0.80%,$900,$100,32
351,"$35,866",75%,"$26,899",100%,99,999,"$35,866",2.00%,0.30%,3.00%,0.80%,$900,$100,26
352,"$32,329",75%,"$24,247",100%,99,999,"$32,329",2.00%,0.30%,3.00%,0.80%,$900,$100,55
353,"$12,672",75%,"$9,504",100%,99,999,"$12,672",2.00%,0.30%,3.00%,0.80%,$900,$100,60
354,"$14,758",75%,"$11,069",100%,99,999,"$14,758",2.00%,0.30%,3.00%,0.80%,$900,$100,33
355,"$82,213",75%,"$61,659",100%,99,999,"$82,213",2.00%,0.30%,3.00%,0.80%,$900,$100,80
356,"$85,844",75%,"$64,383",100%,99,999,"$85,844",2.00%,0.30%,3.00%,0.80%,$900,$100,20
357,"$78,232",75%,"$58,674",100%,99,999,"$78,232",2.00%,0.30%,3.00%,0.80%,$900,$100,59
358,"$17,042",75%,"$12,782",100%,99,999,"$17,042",2.00%,0.30%,3.00%,0.80%,$900,$100,78
359,"$43,389",75%,"$32,542",100%,99,999,"$43,389",2.00%,0.30%,3.00%,0.80%,$900,$100,70
360,"$61,827",75%,"$46,370",100%,99,999,"$61,827",2.00%,0.30%,3.00%,0.80%,$900,$100,82
361,"$73,548",75%,"$55,161",100%,99,999,"$73,548",2.00%,0.30%,3.00%,0.80%,$900,$100,28
362,"$64,482",75%,"$48,362",100%,99,999,"$64,482",2.00%,0.30%,3.00%,0.80%,$900,$100,61
363,"$64,300",75%,"$48,225",100%,99,999,"$64,300",2.00%,0.30%,3.00%,0.80%,$900,$100,52
364,"$50,023",75%,"$37,517",100%,99,999,"$50,023",2.00%,0.30%,3.00%,0.80%,$900,$100,94
365,"$50,743",75%,"$38,057",100%,99,999,"$50,743",2.00%,0.30%,3.00%,0.80%,$900,$100,79
366,"$84,500",75%,"$63,375",100%,99,999,"$84,500",2.00%,0.30%,3.00%,0.80%,$900,$100,56
367,"$92,064",75%,"$69,048",100%,99,999,"$92,064",2.00%,0.30%,3.00%,0.80%,$900,$100,78
368,"$38,617",75%,"$28,963",100%,99,999,"$38,617",2.00%,0.30%,3.00%,0.80%,$900,$100,58
369,"$74,121",75%,"$55,590",100%,99,999,"$74,121",2.00%,0.30%,3.00%,0.80%,$900,$100,3
370,"$74,954",75%,"$56,216",100%,99,999,"$74,954",2.00%,0.30%,3.00%,0.80%,$900,$100,88
371,"$63,202",75%,"$47,402",100%,99,999,"$63,202",2.00%,0.30%,3.00%,0.80%,$900,$100,13
372,"$69,891",75%,"$52,418",100%,99,999,"$69,891",2.00%,0.30%,3.00%,0.80%,$900,$100,63
373,"$1,160",75%,$870,100%,99,999,"$1,160",2.00%,0.30%,3.00%,0.80%,$900,$100,93
374,"$25,034",75%,"$18,776",100%,99,999,"$25,034",2.00%,0.30%,3.00%,0.80%,$900,$100,6
375,"$78,498",75%,"$58,874",100%,99,999,"$78,498",2.00%,0.30%,3.00%,0.80%,$900,$100,36
376,"$89,533",75%,"$67,150",100%,99,999,"$89,533",2.00%,0.30%,3.00%,0.80%,$900,$100,75
377,"$22,297",75%,"$16,723",100%,99,999,"$22,297",2.00%,0.30%,3.00%,0.80%,$900,$100,31
378,"$46,735",75%,"$35,052",100%,99,999,"$46,735",2.00%,0.30%,3.00%,0.80%,$900,$100,99
379,"$28,904",75%,"$21,678",100%,99,999,"$28,904",2.00%,0.30%,3.00%,0.80%,$900,$100,98
380,"$82,018",75%,"$61,514",100%,99,999,"$82,018",2.00%,0.30%,3.00%,0.80%,$900,$100,80
381,"$75,252",75%,"$56,439",100%,99,999,"$75,252",2.00%,0.30%,3.00%,0.80%,$900,$100,55
382,"$31,831",75%,"$23,873",100%,99,999,"$31,831",2.00%,0.30%,3.00%,0.80%,$900,$100,25
383,"$37,921",75%,"$28,441",100%,99,999,"$37,921",2.00%,0.30%,3.00%,0.80%,$900,$100,57
384,"$40,232",75%,"$30,174",100%,99,999,"$40,232",2.00%,0.30%,3.00%,0.80%,$900,$100,43
385,"$6,205",75%,"$4,654",100%,99,999,"$6,205",2.00%,0.30%,3.00%,0.80%,$900,$100,36
386,"$87,626",75%,"$65,720",100%,99,999,"$87,626",2.00%,0.30%,3.00%,0.80%,$900,$100,91
387,"$95,541",75%,"$71,656",100%,99,999,"$95,541",2.00%,0.30%,3.00%,0.80%,$900,$100,10
388,$43,75%,$32,100%,99,999,$43,2.00%,0.30%,3.00%,0.80%,$900,$100,54
389,"$35,358",75%,"$26,518",100%,99,999,"$35,358",2.00%,0.30%,3.00%,0.80%,$900,$100,20
390,"$54,003",75%,"$40,502",100%,99,999,"$54,003",2.00%,0.30%,3.00%,0.80%,$900,$100,49
391,"$83,558",75%,"$62,668",100%,99,999,"$83,558",2.00%,0.30%,3.00%,0.80%,$900,$100,38
392,"$32,278",75%,"$24,209",100%,99,999,"$32,278",2.00%,0.30%,3.00%,0.80%,$900,$100,62
393,"$50,469",75%,"$37,851",100%,99,999,"$50,469",2.00%,0.30%,3.00%,0.80%,$900,$100,78
394,"$19,654",75%,"$14,741",100%,99,999,"$19,654",2.00%,0.30%,3.00%,0.80%,$900,$100,62
395,"$56,425",75%,"$42,319",100%,99,999,"$56,425",2.00%,0.30%,3.00%,0.80%,$900,$100,55
396,"$40,546",75%,"$30,410",100%,99,999,"$40,546",2.00%,0.30%,3.00%,0.80%,$900,$100,59
397,"$50,125",75%,"$37,594",100%,99,999,"$50,125",2.00%,0.30%,3.00%,0.80%,$900,$100,51
398,"$84,981",75%,"$63,736",100%,99,999,"$84,981",2.00%,0.30%,3.00%,0.80%,$900,$100,31
399,"$16,984",75%,"$12,738",100%,99,999,"$16,984",2.00%,0.30%,3.00%,0.80%,$900,$100,8
400,"$82,674",75%,"$62,005",100%,99,999,"$82,674",2.00%,0.30%,3.00%,0.80%,$900,$100,74
