,ID_COMPTE,MT_VM,PC_GAR_ECH,MT_GAR_ECH,PC_GAR_DECES,FREQ_RESET_DECES,MAX_RESET_DECES,MT_GAR_DECES,PC_REVENU_FDS,PC_HONORAIRES_GEST,TX_COMM_VENTE,TX_COMM_MAINTIEN,FRAIS_ACQUI,FRAIS_ADMIN,age_deb
0,1,65301.0,1.0,65301.0,1.0,1,80,65301.0,0.022000000000000002,0.003,0.03,0.008,900.0,100.0,49
1,2,31945.0,1.0,31945.0,1.0,1,80,31945.0,0.022000000000000002,0.003,0.03,0.008,900.0,100.0,9
2,3,28716.0,1.0,28716.0,1.0,1,80,28716.0,0.022000000000000002,0.003,0.03,0.008,900.0,100.0,57
3,4,34104.0,1.0,34104.0,1.0,1,80,34104.0,0.022000000000000002,0.003,0.03,0.008,900.0,100.0,29
4,5,45183.0,1.0,45183.0,1.0,1,80,45183.0,0.022000000000000002,0.003,0.03,0.008,900.0,100.0,1
5,6,88599.0,1.0,88599.0,1.0,1,80,88599.0,0.022000000000000002,0.003,0.03,0.008,900.0,100.0,5
6,7,37871.0,1.0,37871.0,1.0,1,80,37871.0,0.022000000000000002,0.003,0.03,0.008,900.0,100.0,53
7,8,21692.0,1.0,21692.0,1.0,1,80,21692.0,0.022000000000000002,0.003,0.03,0.008,900.0,100.0,49
8,9,95106.0,1.0,95106.0,1.0,1,80,95106.0,0.022000000000000002,0.003,0.03,0.008,900.0,100.0,46
9,10,89379.0,1.0,89379.0,1.0,1,80,89379.0,0.022000000000000002,0.003,0.03,0.008,900.0,100.0,3
10,11,17718.0,1.0,17718.0,1.0,1,80,17718.0,0.022000000000000002,0.003,0.03,0.008,900.0,100.0,55
11,12,23952.0,1.0,23952.0,1.0,1,80,23952.0,0.022000000000000002,0.003,0.03,0.008,900.0,100.0,39
12,13,56992.0,1.0,56992.0,1.0,1,80,56992.0,0.022000000000000002,0.003,0.03,0.008,900.0,100.0,57
13,14,66450.0,1.0,66450.0,1.0,1,80,66450.0,0.022000000000000002,0.003,0.03,0.008,900.0,100.0,81
14,15,1781.0,1.0,1781.0,1.0,1,80,1781.0,0.022000000000000002,0.003,0.03,0.008,900.0,100.0,5
15,16,23249.0,1.0,23249.0,1.0,1,80,23249.0,0.022000000000000002,0.003,0.03,0.008,900.0,100.0,11
16,17,65070.0,1.0,65070.0,1.0,1,80,65070.0,0.022000000000000002,0.003,0.03,0.008,900.0,100.0,5
17,18,65722.0,1.0,65722.0,1.0,1,80,65722.0,0.022000000000000002,0.003,0.03,0.008,900.0,100.0,70
18,19,23954.0,1.0,23954.0,1.0,1,80,23954.0,0.022000000000000002,0.003,0.03,0.008,900.0,100.0,53
19,20,16992.0,1.0,16992.0,1.0,1,80,16992.0,0.022000000000000002,0.003,0.03,0.008,900.0,100.0,50
20,21,91499.0,1.0,91499.0,1.0,1,80,91499.0,0.022000000000000002,0.003,0.03,0.008,900.0,100.0,25
21,22,69313.0,1.0,69313.0,1.0,1,80,69313.0,0.022000000000000002,0.003,0.03,0.008,900.0,100.0,92
22,23,21341.0,1.0,21341.0,1.0,1,80,21341.0,0.022000000000000002,0.003,0.03,0.008,900.0,100.0,28
23,24,4164.0,1.0,4164.0,1.0,1,80,4164.0,0.022000000000000002,0.003,0.03,0.008,900.0,100.0,66
24,25,68057.0,1.0,68057.0,1.0,1,80,68057.0,0.022000000000000002,0.003,0.03,0.008,900.0,100.0,32
25,26,89846.0,1.0,89846.0,1.0,1,80,89846.0,0.022000000000000002,0.003,0.03,0.008,900.0,100.0,22
26,27,80849.0,1.0,80849.0,1.0,1,80,80849.0,0.022000000000000002,0.003,0.03,0.008,900.0,100.0,3
27,28,74490.0,1.0,74490.0,1.0,1,80,74490.0,0.022000000000000002,0.003,0.03,0.008,900.0,100.0,81
28,29,31560.0,1.0,31560.0,1.0,1,80,31560.0,0.022000000000000002,0.003,0.03,0.008,900.0,100.0,57
29,30,96802.0,1.0,96802.0,1.0,1,80,96802.0,0.022000000000000002,0.003,0.03,0.008,900.0,100.0,16
30,31,49975.0,1.0,49975.0,1.0,1,80,49975.0,0.022000000000000002,0.003,0.03,0.008,900.0,100.0,55
31,32,90927.0,1.0,90927.0,1.0,1,80,90927.0,0.022000000000000002,0.003,0.03,0.008,900.0,100.0,35
32,33,3630.0,1.0,3630.0,1.0,1,80,3630.0,0.022000000000000002,0.003,0.03,0.008,900.0,100.0,34
33,34,50199.0,1.0,50199.0,1.0,1,80,50199.0,0.022000000000000002,0.003,0.03,0.008,900.0,100.0,39
34,35,72387.0,1.0,72387.0,1.0,1,80,72387.0,0.022000000000000002,0.003,0.03,0.008,900.0,100.0,54
35,36,34346.0,1.0,34346.0,1.0,1,80,34346.0,0.022000000000000002,0.003,0.03,0.008,900.0,100.0,28
36,37,85804.0,1.0,85804.0,1.0,1,80,85804.0,0.022000000000000002,0.003,0.03,0.008,900.0,100.0,43
37,38,23215.0,1.0,23215.0,1.0,1,80,23215.0,0.022000000000000002,0.003,0.03,0.008,900.0,100.0,84
38,39,5204.0,1.0,5204.0,1.0,1,80,5204.0,0.022000000000000002,0.003,0.03,0.008,900.0,100.0,56
39,40,47102.0,1.0,47102.0,1.0,1,80,47102.0,0.022000000000000002,0.003,0.03,0.008,900.0,100.0,23
40,41,43034.0,1.0,43034.0,1.0,1,80,43034.0,0.022000000000000002,0.003,0.03,0.008,900.0,100.0,91
41,42,76792.0,1.0,76792.0,1.0,1,80,76792.0,0.022000000000000002,0.003,0.03,0.008,900.0,100.0,22
42,43,29915.0,1.0,29915.0,1.0,1,80,29915.0,0.022000000000000002,0.003,0.03,0.008,900.0,100.0,25
43,44,56193.0,1.0,56193.0,1.0,1,80,56193.0,0.022000000000000002,0.003,0.03,0.008,900.0,100.0,93
44,45,14054.0,1.0,14054.0,1.0,1,80,14054.0,0.022000000000000002,0.003,0.03,0.008,900.0,100.0,1
45,46,6706.0,1.0,6706.0,1.0,1,80,6706.0,0.022000000000000002,0.003,0.03,0.008,900.0,100.0,3
46,47,7668.0,1.0,7668.0,1.0,1,80,7668.0,0.022000000000000002,0.003,0.03,0.008,900.0,100.0,4
47,48,41175.0,1.0,41175.0,1.0,1,80,41175.0,0.022000000000000002,0.003,0.03,0.008,900.0,100.0,37
48,49,50778.0,1.0,50778.0,1.0,1,80,50778.0,0.022000000000000002,0.003,0.03,0.008,900.0,100.0,76
49,50,98552.0,1.0,98552.0,1.0,1,80,98552.0,0.022000000000000002,0.003,0.03,0.008,900.0,100.0,30
50,51,9103.0,1.0,9103.0,1.0,1,80,9103.0,0.022000000000000002,0.003,0.03,0.008,900.0,100.0,13
51,52,28057.0,1.0,28057.0,1.0,1,80,28057.0,0.022000000000000002,0.003,0.03,0.008,900.0,100.0,88
52,53,91464.0,1.0,91464.0,1.0,1,80,91464.0,0.022000000000000002,0.003,0.03,0.008,900.0,100.0,70
53,54,19836.0,1.0,19836.0,1.0,1,80,19836.0,0.022000000000000002,0.003,0.03,0.008,900.0,100.0,88
54,55,70729.0,1.0,70729.0,1.0,1,80,70729.0,0.022000000000000002,0.003,0.03,0.008,900.0,100.0,45
55,56,78485.0,1.0,78485.0,1.0,1,80,78485.0,0.022000000000000002,0.003,0.03,0.008,900.0,100.0,21
56,57,76422.0,1.0,76422.0,1.0,1,80,76422.0,0.022000000000000002,0.003,0.03,0.008,900.0,100.0,26
57,58,252.0,1.0,252.0,1.0,1,80,252.0,0.022000000000000002,0.003,0.03,0.008,900.0,100.0,75
58,59,85431.0,1.0,85431.0,1.0,1,80,85431.0,0.022000000000000002,0.003,0.03,0.008,900.0,100.0,11
59,60,52516.0,1.0,52516.0,1.0,1,80,52516.0,0.022000000000000002,0.003,0.03,0.008,900.0,100.0,41
60,61,53366.0,1.0,53366.0,1.0,1,80,53366.0,0.022000000000000002,0.003,0.03,0.008,900.0,100.0,58
61,62,58477.0,1.0,58477.0,1.0,1,80,58477.0,0.022000000000000002,0.003,0.03,0.008,900.0,100.0,71
62,63,86999.0,1.0,86999.0,1.0,1,80,86999.0,0.022000000000000002,0.003,0.03,0.008,900.0,100.0,50
63,64,28783.0,1.0,28783.0,1.0,1,80,28783.0,0.022000000000000002,0.003,0.03,0.008,900.0,100.0,95
64,65,30008.0,1.0,30008.0,1.0,1,80,30008.0,0.022000000000000002,0.003,0.03,0.008,900.0,100.0,99
65,66,71812.0,1.0,71812.0,1.0,1,80,71812.0,0.022000000000000002,0.003,0.03,0.008,900.0,100.0,9
66,67,26848.0,1.0,26848.0,1.0,1,80,26848.0,0.022000000000000002,0.003,0.03,0.008,900.0,100.0,61
67,68,6103.0,1.0,6103.0,1.0,1,80,6103.0,0.022000000000000002,0.003,0.03,0.008,900.0,100.0,32
68,69,21384.0,1.0,21384.0,1.0,1,80,21384.0,0.022000000000000002,0.003,0.03,0.008,900.0,100.0,15
69,70,42805.0,1.0,42805.0,1.0,1,80,42805.0,0.022000000000000002,0.003,0.03,0.008,900.0,100.0,35
70,71,21336.0,1.0,21336.0,1.0,1,80,21336.0,0.022000000000000002,0.003,0.03,0.008,900.0,100.0,65
71,72,26242.0,1.0,26242.0,1.0,1,80,26242.0,0.022000000000000002,0.003,0.03,0.008,900.0,100.0,90
72,73,67244.0,1.0,67244.0,1.0,1,80,67244.0,0.022000000000000002,0.003,0.03,0.008,900.0,100.0,1
73,74,11609.0,1.0,11609.0,1.0,1,80,11609.0,0.022000000000000002,0.003,0.03,0.008,900.0,100.0,12
74,75,88228.0,1.0,88228.0,1.0,1,80,88228.0,0.022000000000000002,0.003,0.03,0.008,900.0,100.0,48
75,76,465.0,1.0,465.0,1.0,1,80,465.0,0.022000000000000002,0.003,0.03,0.008,900.0,100.0,19
76,77,24094.0,1.0,24094.0,1.0,1,80,24094.0,0.022000000000000002,0.003,0.03,0.008,900.0,100.0,22
77,78,39320.0,1.0,39320.0,1.0,1,80,39320.0,0.022000000000000002,0.003,0.03,0.008,900.0,100.0,72
78,79,66453.0,1.0,66453.0,1.0,1,80,66453.0,0.022000000000000002,0.003,0.03,0.008,900.0,100.0,67
79,80,18410.0,1.0,18410.0,1.0,1,80,18410.0,0.022000000000000002,0.003,0.03,0.008,900.0,100.0,1
80,81,2416.0,1.0,2416.0,1.0,1,80,2416.0,0.022000000000000002,0.003,0.03,0.008,900.0,100.0,49
81,82,96971.0,1.0,96971.0,1.0,1,80,96971.0,0.022000000000000002,0.003,0.03,0.008,900.0,100.0,18
82,83,53731.0,1.0,53731.0,1.0,1,80,53731.0,0.022000000000000002,0.003,0.03,0.008,900.0,100.0,15
83,84,24122.0,1.0,24122.0,1.0,1,80,24122.0,0.022000000000000002,0.003,0.03,0.008,900.0,100.0,4
84,85,2394.0,1.0,2394.0,1.0,1,80,2394.0,0.022000000000000002,0.003,0.03,0.008,900.0,100.0,94
85,86,84975.0,1.0,84975.0,1.0,1,80,84975.0,0.022000000000000002,0.003,0.03,0.008,900.0,100.0,43
86,87,44570.0,1.0,44570.0,1.0,1,80,44570.0,0.022000000000000002,0.003,0.03,0.008,900.0,100.0,79
87,88,70538.0,1.0,70538.0,1.0,1,80,70538.0,0.022000000000000002,0.003,0.03,0.008,900.0,100.0,49
88,89,7259.0,1.0,7259.0,1.0,1,80,7259.0,0.022000000000000002,0.003,0.03,0.008,900.0,100.0,96
89,90,26622.0,1.0,26622.0,1.0,1,80,26622.0,0.022000000000000002,0.003,0.03,0.008,900.0,100.0,17
90,91,42181.0,1.0,42181.0,1.0,1,80,42181.0,0.022000000000000002,0.003,0.03,0.008,900.0,100.0,38
91,92,57858.0,1.0,57858.0,1.0,1,80,57858.0,0.022000000000000002,0.003,0.03,0.008,900.0,100.0,69
92,93,280.0,1.0,280.0,1.0,1,80,280.0,0.022000000000000002,0.003,0.03,0.008,900.0,100.0,60
93,94,32857.0,1.0,32857.0,1.0,1,80,32857.0,0.022000000000000002,0.003,0.03,0.008,900.0,100.0,40
94,95,23190.0,1.0,23190.0,1.0,1,80,23190.0,0.022000000000000002,0.003,0.03,0.008,900.0,100.0,30
95,96,89429.0,1.0,89429.0,1.0,1,80,89429.0,0.022000000000000002,0.003,0.03,0.008,900.0,100.0,98
96,97,56114.0,1.0,56114.0,1.0,1,80,56114.0,0.022000000000000002,0.003,0.03,0.008,900.0,100.0,9
97,98,13988.0,1.0,13988.0,1.0,1,80,13988.0,0.022000000000000002,0.003,0.03,0.008,900.0,100.0,1
98,99,58025.0,1.0,58025.0,1.0,1,80,58025.0,0.022000000000000002,0.003,0.03,0.008,900.0,100.0,39
99,100,30952.0,1.0,30952.0,1.0,1,80,30952.0,0.022000000000000002,0.003,0.03,0.008,900.0,100.0,95
100,101,84845.0,0.75,63634.0,1.0,99,999,84845.0,0.02,0.003,0.03,0.008,900.0,100.0,22
101,102,54587.0,0.75,40940.0,1.0,99,999,54587.0,0.02,0.003,0.03,0.008,900.0,100.0,26
102,103,6658.0,0.75,4994.0,1.0,99,999,6658.0,0.02,0.003,0.03,0.008,900.0,100.0,1
103,104,46471.0,0.75,34853.0,1.0,99,999,46471.0,0.02,0.003,0.03,0.008,900.0,100.0,27
104,105,89744.0,0.75,67308.0,1.0,99,999,89744.0,0.02,0.003,0.03,0.008,900.0,100.0,57
105,106,14139.0,0.75,10604.0,1.0,99,999,14139.0,0.02,0.003,0.03,0.008,900.0,100.0,89
106,107,86685.0,0.75,65014.0,1.0,99,999,86685.0,0.02,0.003,0.03,0.008,900.0,100.0,79
107,108,56227.0,0.75,42170.0,1.0,99,999,56227.0,0.02,0.003,0.03,0.008,900.0,100.0,48
108,109,39183.0,0.75,29387.0,1.0,99,999,39183.0,0.02,0.003,0.03,0.008,900.0,100.0,74
109,110,99886.0,0.75,74914.0,1.0,99,999,99886.0,0.02,0.003,0.03,0.008,900.0,100.0,8
110,111,15487.0,0.75,11616.0,1.0,99,999,15487.0,0.02,0.003,0.03,0.008,900.0,100.0,94
111,112,16769.0,0.75,12577.0,1.0,99,999,16769.0,0.02,0.003,0.03,0.008,900.0,100.0,59
112,113,73531.0,0.75,55149.0,1.0,99,999,73531.0,0.02,0.003,0.03,0.008,900.0,100.0,4
113,114,7732.0,0.75,5799.0,1.0,99,999,7732.0,0.02,0.003,0.03,0.008,900.0,100.0,41
114,115,68157.0,0.75,51118.0,1.0,99,999,68157.0,0.02,0.003,0.03,0.008,900.0,100.0,64
115,116,5995.0,0.75,4496.0,1.0,99,999,5995.0,0.02,0.003,0.03,0.008,900.0,100.0,76
116,117,27127.0,0.75,20345.0,1.0,99,999,27127.0,0.02,0.003,0.03,0.008,900.0,100.0,70
117,118,39787.0,0.75,29840.0,1.0,99,999,39787.0,0.02,0.003,0.03,0.008,900.0,100.0,11
118,119,27003.0,0.75,20253.0,1.0,99,999,27003.0,0.02,0.003,0.03,0.008,900.0,100.0,13
119,120,12633.0,0.75,9474.0,1.0,99,999,12633.0,0.02,0.003,0.03,0.008,900.0,100.0,28
120,121,35353.0,0.75,26515.0,1.0,99,999,35353.0,0.02,0.003,0.03,0.008,900.0,100.0,42
121,122,55109.0,0.75,41332.0,1.0,99,999,55109.0,0.02,0.003,0.03,0.008,900.0,100.0,16
122,123,15208.0,0.75,11406.0,1.0,99,999,15208.0,0.02,0.003,0.03,0.008,900.0,100.0,48
123,124,23182.0,0.75,17386.0,1.0,99,999,23182.0,0.02,0.003,0.03,0.008,900.0,100.0,42
124,125,31009.0,0.75,23256.0,1.0,99,999,31009.0,0.02,0.003,0.03,0.008,900.0,100.0,3
125,126,66776.0,0.75,50082.0,1.0,99,999,66776.0,0.02,0.003,0.03,0.008,900.0,100.0,32
126,127,67307.0,0.75,50480.0,1.0,99,999,67307.0,0.02,0.003,0.03,0.008,900.0,100.0,13
127,128,38178.0,0.75,28633.0,1.0,99,999,38178.0,0.02,0.003,0.03,0.008,900.0,100.0,2
128,129,49850.0,0.75,37387.0,1.0,99,999,49850.0,0.02,0.003,0.03,0.008,900.0,100.0,57
129,130,32275.0,0.75,24206.0,1.0,99,999,32275.0,0.02,0.003,0.03,0.008,900.0,100.0,90
130,131,81960.0,0.75,61470.0,1.0,99,999,81960.0,0.02,0.003,0.03,0.008,900.0,100.0,11
131,132,45977.0,0.75,34483.0,1.0,99,999,45977.0,0.02,0.003,0.03,0.008,900.0,100.0,42
132,133,7619.0,0.75,5715.0,1.0,99,999,7619.0,0.02,0.003,0.03,0.008,900.0,100.0,46
133,134,46365.0,0.75,34774.0,1.0,99,999,46365.0,0.02,0.003,0.03,0.008,900.0,100.0,99
134,135,84354.0,0.75,63266.0,1.0,99,999,84354.0,0.02,0.003,0.03,0.008,900.0,100.0,7
135,136,87659.0,0.75,65744.0,1.0,99,999,87659.0,0.02,0.003,0.03,0.008,900.0,100.0,71
136,137,43825.0,0.75,32869.0,1.0,99,999,43825.0,0.02,0.003,0.03,0.008,900.0,100.0,17
137,138,37985.0,0.75,28489.0,1.0,99,999,37985.0,0.02,0.003,0.03,0.008,900.0,100.0,76
138,139,27745.0,0.75,20809.0,1.0,99,999,27745.0,0.02,0.003,0.03,0.008,900.0,100.0,90
139,140,51748.0,0.75,38811.0,1.0,99,999,51748.0,0.02,0.003,0.03,0.008,900.0,100.0,84
140,141,56301.0,0.75,42226.0,1.0,99,999,56301.0,0.02,0.003,0.03,0.008,900.0,100.0,20
141,142,41832.0,0.75,31374.0,1.0,99,999,41832.0,0.02,0.003,0.03,0.008,900.0,100.0,29
142,143,82790.0,0.75,62092.0,1.0,99,999,82790.0,0.02,0.003,0.03,0.008,900.0,100.0,94
143,144,23467.0,0.75,17600.0,1.0,99,999,23467.0,0.02,0.003,0.03,0.008,900.0,100.0,49
144,145,43380.0,0.75,32535.0,1.0,99,999,43380.0,0.02,0.003,0.03,0.008,900.0,100.0,7
145,146,65364.0,0.75,49023.0,1.0,99,999,65364.0,0.02,0.003,0.03,0.008,900.0,100.0,93
146,147,21327.0,0.75,15995.0,1.0,99,999,21327.0,0.02,0.003,0.03,0.008,900.0,100.0,74
147,148,80415.0,0.75,60311.0,1.0,99,999,80415.0,0.02,0.003,0.03,0.008,900.0,100.0,87
148,149,43696.0,0.75,32772.0,1.0,99,999,43696.0,0.02,0.003,0.03,0.008,900.0,100.0,32
149,150,80655.0,0.75,60492.0,1.0,99,999,80655.0,0.02,0.003,0.03,0.008,900.0,100.0,23
150,151,40983.0,0.75,30737.0,1.0,99,999,40983.0,0.02,0.003,0.03,0.008,900.0,100.0,45
151,152,42459.0,0.75,31844.0,1.0,99,999,42459.0,0.02,0.003,0.03,0.008,900.0,100.0,20
152,153,45810.0,0.75,34358.0,1.0,99,999,45810.0,0.02,0.003,0.03,0.008,900.0,100.0,18
153,154,62625.0,0.75,46969.0,1.0,99,999,62625.0,0.02,0.003,0.03,0.008,900.0,100.0,81
154,155,48822.0,0.75,36617.0,1.0,99,999,48822.0,0.02,0.003,0.03,0.008,900.0,100.0,49
155,156,29033.0,0.75,21774.0,1.0,99,999,29033.0,0.02,0.003,0.03,0.008,900.0,100.0,97
156,157,39937.0,0.75,29953.0,1.0,99,999,39937.0,0.02,0.003,0.03,0.008,900.0,100.0,11
157,158,33190.0,0.75,24892.0,1.0,99,999,33190.0,0.02,0.003,0.03,0.008,900.0,100.0,91
158,159,89436.0,0.75,67077.0,1.0,99,999,89436.0,0.02,0.003,0.03,0.008,900.0,100.0,27
159,160,98646.0,0.75,73984.0,1.0,99,999,98646.0,0.02,0.003,0.03,0.008,900.0,100.0,47
160,161,55715.0,0.75,41786.0,1.0,99,999,55715.0,0.02,0.003,0.03,0.008,900.0,100.0,1
161,162,98169.0,0.75,73626.0,1.0,99,999,98169.0,0.02,0.003,0.03,0.008,900.0,100.0,15
162,163,46864.0,0.75,35148.0,1.0,99,999,46864.0,0.02,0.003,0.03,0.008,900.0,100.0,40
163,164,68707.0,0.75,51530.0,1.0,99,999,68707.0,0.02,0.003,0.03,0.008,900.0,100.0,99
164,165,5656.0,0.75,4242.0,1.0,99,999,5656.0,0.02,0.003,0.03,0.008,900.0,100.0,30
165,166,74176.0,0.75,55632.0,1.0,99,999,74176.0,0.02,0.003,0.03,0.008,900.0,100.0,22
166,167,63379.0,0.75,47534.0,1.0,99,999,63379.0,0.02,0.003,0.03,0.008,900.0,100.0,79
167,168,27401.0,0.75,20551.0,1.0,99,999,27401.0,0.02,0.003,0.03,0.008,900.0,100.0,25
168,169,16709.0,0.75,12532.0,1.0,99,999,16709.0,0.02,0.003,0.03,0.008,900.0,100.0,84
169,170,43310.0,0.75,32483.0,1.0,99,999,43310.0,0.02,0.003,0.03,0.008,900.0,100.0,39
170,171,13339.0,0.75,10004.0,1.0,99,999,13339.0,0.02,0.003,0.03,0.008,900.0,100.0,7
171,172,1027.0,0.75,770.0,1.0,99,999,1027.0,0.02,0.003,0.03,0.008,900.0,100.0,78
172,173,13147.0,0.75,9860.0,1.0,99,999,13147.0,0.02,0.003,0.03,0.008,900.0,100.0,91
173,174,53613.0,0.75,40210.0,1.0,99,999,53613.0,0.02,0.003,0.03,0.008,900.0,100.0,14
174,175,22167.0,0.75,16625.0,1.0,99,999,22167.0,0.02,0.003,0.03,0.008,900.0,100.0,68
175,176,6314.0,0.75,4736.0,1.0,99,999,6314.0,0.02,0.003,0.03,0.008,900.0,100.0,36
176,177,2661.0,0.75,1996.0,1.0,99,999,2661.0,0.02,0.003,0.03,0.008,900.0,100.0,31
177,178,33820.0,0.75,25365.0,1.0,99,999,33820.0,0.02,0.003,0.03,0.008,900.0,100.0,77
178,179,80278.0,0.75,60208.0,1.0,99,999,80278.0,0.02,0.003,0.03,0.008,900.0,100.0,60
179,180,21162.0,0.75,15871.0,1.0,99,999,21162.0,0.02,0.003,0.03,0.008,900.0,100.0,57
180,181,96723.0,0.75,72543.0,1.0,99,999,96723.0,0.02,0.003,0.03,0.008,900.0,100.0,10
181,182,56148.0,0.75,42111.0,1.0,99,999,56148.0,0.02,0.003,0.03,0.008,900.0,100.0,71
182,183,53589.0,0.75,40192.0,1.0,99,999,53589.0,0.02,0.003,0.03,0.008,900.0,100.0,75
183,184,4558.0,0.75,3419.0,1.0,99,999,4558.0,0.02,0.003,0.03,0.008,900.0,100.0,44
184,185,67797.0,0.75,50848.0,1.0,99,999,67797.0,0.02,0.003,0.03,0.008,900.0,100.0,40
185,186,39476.0,0.75,29607.0,1.0,99,999,39476.0,0.02,0.003,0.03,0.008,900.0,100.0,76
186,187,41484.0,0.75,31113.0,1.0,99,999,41484.0,0.02,0.003,0.03,0.008,900.0,100.0,30
187,188,67379.0,0.75,50534.0,1.0,99,999,67379.0,0.02,0.003,0.03,0.008,900.0,100.0,12
188,189,63165.0,0.75,47374.0,1.0,99,999,63165.0,0.02,0.003,0.03,0.008,900.0,100.0,65
189,190,95971.0,0.75,71978.0,1.0,99,999,95971.0,0.02,0.003,0.03,0.008,900.0,100.0,78
190,191,56022.0,0.75,42016.0,1.0,99,999,56022.0,0.02,0.003,0.03,0.008,900.0,100.0,1
191,192,78737.0,0.75,59052.0,1.0,99,999,78737.0,0.02,0.003,0.03,0.008,900.0,100.0,31
192,193,20560.0,0.75,15420.0,1.0,99,999,20560.0,0.02,0.003,0.03,0.008,900.0,100.0,94
193,194,32566.0,0.75,24424.0,1.0,99,999,32566.0,0.02,0.003,0.03,0.008,900.0,100.0,17
194,195,83248.0,0.75,62436.0,1.0,99,999,83248.0,0.02,0.003,0.03,0.008,900.0,100.0,39
195,196,61196.0,0.75,45897.0,1.0,99,999,61196.0,0.02,0.003,0.03,0.008,900.0,100.0,50
196,197,83301.0,0.75,62476.0,1.0,99,999,83301.0,0.02,0.003,0.03,0.008,900.0,100.0,23
197,198,57790.0,0.75,43342.0,1.0,99,999,57790.0,0.02,0.003,0.03,0.008,900.0,100.0,28
198,199,73389.0,0.75,55042.0,1.0,99,999,73389.0,0.02,0.003,0.03,0.008,900.0,100.0,52
199,200,34509.0,0.75,25882.0,1.0,99,999,34509.0,0.02,0.003,0.03,0.008,900.0,100.0,81
200,201,50545.0,1.0,50545.0,1.0,1,80,50545.0,0.022000000000000002,0.003,0.03,0.008,900.0,100.0,64
201,202,3475.0,1.0,3475.0,1.0,1,80,3475.0,0.022000000000000002,0.003,0.03,0.008,900.0,100.0,47
202,203,85987.0,1.0,85987.0,1.0,1,80,85987.0,0.022000000000000002,0.003,0.03,0.008,900.0,100.0,85
203,204,90892.0,1.0,90892.0,1.0,1,80,90892.0,0.022000000000000002,0.003,0.03,0.008,900.0,100.0,93
204,205,78770.0,1.0,78770.0,1.0,1,80,78770.0,0.022000000000000002,0.003,0.03,0.008,900.0,100.0,73
205,206,86353.0,1.0,86353.0,1.0,1,80,86353.0,0.022000000000000002,0.003,0.03,0.008,900.0,100.0,87
206,207,67761.0,1.0,67761.0,1.0,1,80,67761.0,0.022000000000000002,0.003,0.03,0.008,900.0,100.0,30
207,208,31921.0,1.0,31921.0,1.0,1,80,31921.0,0.022000000000000002,0.003,0.03,0.008,900.0,100.0,29
208,209,55460.0,1.0,55460.0,1.0,1,80,55460.0,0.022000000000000002,0.003,0.03,0.008,900.0,100.0,30
209,210,15227.0,1.0,15227.0,1.0,1,80,15227.0,0.022000000000000002,0.003,0.03,0.008,900.0,100.0,75
210,211,8077.0,1.0,8077.0,1.0,1,80,8077.0,0.022000000000000002,0.003,0.03,0.008,900.0,100.0,89
211,212,52462.0,1.0,52462.0,1.0,1,80,52462.0,0.022000000000000002,0.003,0.03,0.008,900.0,100.0,39
212,213,54581.0,1.0,54581.0,1.0,1,80,54581.0,0.022000000000000002,0.003,0.03,0.008,900.0,100.0,8
213,214,87670.0,1.0,87670.0,1.0,1,80,87670.0,0.022000000000000002,0.003,0.03,0.008,900.0,100.0,25
214,215,49432.0,1.0,49432.0,1.0,1,80,49432.0,0.022000000000000002,0.003,0.03,0.008,900.0,100.0,55
215,216,87119.0,1.0,87119.0,1.0,1,80,87119.0,0.022000000000000002,0.003,0.03,0.008,900.0,100.0,82
216,217,78578.0,1.0,78578.0,1.0,1,80,78578.0,0.022000000000000002,0.003,0.03,0.008,900.0,100.0,36
217,218,70056.0,1.0,70056.0,1.0,1,80,70056.0,0.022000000000000002,0.003,0.03,0.008,900.0,100.0,37
218,219,19420.0,1.0,19420.0,1.0,1,80,19420.0,0.022000000000000002,0.003,0.03,0.008,900.0,100.0,69
219,220,56729.0,1.0,56729.0,1.0,1,80,56729.0,0.022000000000000002,0.003,0.03,0.008,900.0,100.0,28
220,221,33673.0,1.0,33673.0,1.0,1,80,33673.0,0.022000000000000002,0.003,0.03,0.008,900.0,100.0,29
221,222,36787.0,1.0,36787.0,1.0,1,80,36787.0,0.022000000000000002,0.003,0.03,0.008,900.0,100.0,4
222,223,65199.0,1.0,65199.0,1.0,1,80,65199.0,0.022000000000000002,0.003,0.03,0.008,900.0,100.0,52
223,224,90091.0,1.0,90091.0,1.0,1,80,90091.0,0.022000000000000002,0.003,0.03,0.008,900.0,100.0,98
224,225,22306.0,1.0,22306.0,1.0,1,80,22306.0,0.022000000000000002,0.003,0.03,0.008,900.0,100.0,51
225,226,10091.0,1.0,10091.0,1.0,1,80,10091.0,0.022000000000000002,0.003,0.03,0.008,900.0,100.0,8
226,227,82275.0,1.0,82275.0,1.0,1,80,82275.0,0.022000000000000002,0.003,0.03,0.008,900.0,100.0,10
227,228,67759.0,1.0,67759.0,1.0,1,80,67759.0,0.022000000000000002,0.003,0.03,0.008,900.0,100.0,3
228,229,14738.0,1.0,14738.0,1.0,1,80,14738.0,0.022000000000000002,0.003,0.03,0.008,900.0,100.0,41
229,230,53412.0,1.0,53412.0,1.0,1,80,53412.0,0.022000000000000002,0.003,0.03,0.008,900.0,100.0,64
230,231,98852.0,1.0,98852.0,1.0,1,80,98852.0,0.022000000000000002,0.003,0.03,0.008,900.0,100.0,71
231,232,96130.0,1.0,96130.0,1.0,1,80,96130.0,0.022000000000000002,0.003,0.03,0.008,900.0,100.0,9
232,233,41583.0,1.0,41583.0,1.0,1,80,41583.0,0.022000000000000002,0.003,0.03,0.008,900.0,100.0,10
233,234,63596.0,1.0,63596.0,1.0,1,80,63596.0,0.022000000000000002,0.003,0.03,0.008,900.0,100.0,45
234,235,98117.0,1.0,98117.0,1.0,1,80,98117.0,0.022000000000000002,0.003,0.03,0.008,900.0,100.0,53
235,236,32069.0,1.0,32069.0,1.0,1,80,32069.0,0.022000000000000002,0.003,0.03,0.008,900.0,100.0,50
236,237,63222.0,1.0,63222.0,1.0,1,80,63222.0,0.022000000000000002,0.003,0.03,0.008,900.0,100.0,17
237,238,76019.0,1.0,76019.0,1.0,1,80,76019.0,0.022000000000000002,0.003,0.03,0.008,900.0,100.0,82
238,239,1718.0,1.0,1718.0,1.0,1,80,1718.0,0.022000000000000002,0.003,0.03,0.008,900.0,100.0,30
239,240,19243.0,1.0,19243.0,1.0,1,80,19243.0,0.022000000000000002,0.003,0.03,0.008,900.0,100.0,93
240,241,20874.0,1.0,20874.0,1.0,1,80,20874.0,0.022000000000000002,0.003,0.03,0.008,900.0,100.0,36
241,242,84986.0,1.0,84986.0,1.0,1,80,84986.0,0.022000000000000002,0.003,0.03,0.008,900.0,100.0,71
242,243,12705.0,1.0,12705.0,1.0,1,80,12705.0,0.022000000000000002,0.003,0.03,0.008,900.0,100.0,70
243,244,87399.0,1.0,87399.0,1.0,1,80,87399.0,0.022000000000000002,0.003,0.03,0.008,900.0,100.0,16
244,245,43210.0,1.0,43210.0,1.0,1,80,43210.0,0.022000000000000002,0.003,0.03,0.008,900.0,100.0,17
245,246,99798.0,1.0,99798.0,1.0,1,80,99798.0,0.022000000000000002,0.003,0.03,0.008,900.0,100.0,54
246,247,24702.0,1.0,24702.0,1.0,1,80,24702.0,0.022000000000000002,0.003,0.03,0.008,900.0,100.0,20
247,248,21297.0,1.0,21297.0,1.0,1,80,21297.0,0.022000000000000002,0.003,0.03,0.008,900.0,100.0,77
248,249,37829.0,1.0,37829.0,1.0,1,80,37829.0,0.022000000000000002,0.003,0.03,0.008,900.0,100.0,66
249,250,27840.0,1.0,27840.0,1.0,1,80,27840.0,0.022000000000000002,0.003,0.03,0.008,900.0,100.0,46
250,251,40952.0,1.0,40952.0,1.0,1,80,40952.0,0.022000000000000002,0.003,0.03,0.008,900.0,100.0,16
251,252,75114.0,1.0,75114.0,1.0,1,80,75114.0,0.022000000000000002,0.003,0.03,0.008,900.0,100.0,28
252,253,29105.0,1.0,29105.0,1.0,1,80,29105.0,0.022000000000000002,0.003,0.03,0.008,900.0,100.0,51
253,254,219.0,1.0,219.0,1.0,1,80,219.0,0.022000000000000002,0.003,0.03,0.008,900.0,100.0,49
254,255,93030.0,1.0,93030.0,1.0,1,80,93030.0,0.022000000000000002,0.003,0.03,0.008,900.0,100.0,36
255,256,86153.0,1.0,86153.0,1.0,1,80,86153.0,0.022000000000000002,0.003,0.03,0.008,900.0,100.0,85
256,257,16375.0,1.0,16375.0,1.0,1,80,16375.0,0.022000000000000002,0.003,0.03,0.008,900.0,100.0,58
257,258,41933.0,1.0,41933.0,1.0,1,80,41933.0,0.022000000000000002,0.003,0.03,0.008,900.0,100.0,30
258,259,89341.0,1.0,89341.0,1.0,1,80,89341.0,0.022000000000000002,0.003,0.03,0.008,900.0,100.0,18
259,260,75758.0,1.0,75758.0,1.0,1,80,75758.0,0.022000000000000002,0.003,0.03,0.008,900.0,100.0,36
260,261,68147.0,1.0,68147.0,1.0,1,80,68147.0,0.022000000000000002,0.003,0.03,0.008,900.0,100.0,67
261,262,79972.0,1.0,79972.0,1.0,1,80,79972.0,0.022000000000000002,0.003,0.03,0.008,900.0,100.0,76
262,263,40874.0,1.0,40874.0,1.0,1,80,40874.0,0.022000000000000002,0.003,0.03,0.008,900.0,100.0,76
263,264,17329.0,1.0,17329.0,1.0,1,80,17329.0,0.022000000000000002,0.003,0.03,0.008,900.0,100.0,27
264,265,70736.0,1.0,70736.0,1.0,1,80,70736.0,0.022000000000000002,0.003,0.03,0.008,900.0,100.0,52
265,266,40814.0,1.0,40814.0,1.0,1,80,40814.0,0.022000000000000002,0.003,0.03,0.008,900.0,100.0,48
266,267,61794.0,1.0,61794.0,1.0,1,80,61794.0,0.022000000000000002,0.003,0.03,0.008,900.0,100.0,67
267,268,88668.0,1.0,88668.0,1.0,1,80,88668.0,0.022000000000000002,0.003,0.03,0.008,900.0,100.0,20
268,269,16263.0,1.0,16263.0,1.0,1,80,16263.0,0.022000000000000002,0.003,0.03,0.008,900.0,100.0,4
269,270,51072.0,1.0,51072.0,1.0,1,80,51072.0,0.022000000000000002,0.003,0.03,0.008,900.0,100.0,55
270,271,74457.0,1.0,74457.0,1.0,1,80,74457.0,0.022000000000000002,0.003,0.03,0.008,900.0,100.0,74
271,272,90884.0,1.0,90884.0,1.0,1,80,90884.0,0.022000000000000002,0.003,0.03,0.008,900.0,100.0,58
272,273,42827.0,1.0,42827.0,1.0,1,80,42827.0,0.022000000000000002,0.003,0.03,0.008,900.0,100.0,13
273,274,64136.0,1.0,64136.0,1.0,1,80,64136.0,0.022000000000000002,0.003,0.03,0.008,900.0,100.0,41
274,275,75979.0,1.0,75979.0,1.0,1,80,75979.0,0.022000000000000002,0.003,0.03,0.008,900.0,100.0,32
275,276,35228.0,1.0,35228.0,1.0,1,80,35228.0,0.022000000000000002,0.003,0.03,0.008,900.0,100.0,4
276,277,80134.0,1.0,80134.0,1.0,1,80,80134.0,0.022000000000000002,0.003,0.03,0.008,900.0,100.0,99
277,278,30524.0,1.0,30524.0,1.0,1,80,30524.0,0.022000000000000002,0.003,0.03,0.008,900.0,100.0,87
278,279,34198.0,1.0,34198.0,1.0,1,80,34198.0,0.022000000000000002,0.003,0.03,0.008,900.0,100.0,1
279,280,65147.0,1.0,65147.0,1.0,1,80,65147.0,0.022000000000000002,0.003,0.03,0.008,900.0,100.0,0
280,281,77562.0,1.0,77562.0,1.0,1,80,77562.0,0.022000000000000002,0.003,0.03,0.008,900.0,100.0,69
281,282,18342.0,1.0,18342.0,1.0,1,80,18342.0,0.022000000000000002,0.003,0.03,0.008,900.0,100.0,28
282,283,66265.0,1.0,66265.0,1.0,1,80,66265.0,0.022000000000000002,0.003,0.03,0.008,900.0,100.0,86
283,284,19382.0,1.0,19382.0,1.0,1,80,19382.0,0.022000000000000002,0.003,0.03,0.008,900.0,100.0,44
284,285,27049.0,1.0,27049.0,1.0,1,80,27049.0,0.022000000000000002,0.003,0.03,0.008,900.0,100.0,13
285,286,15259.0,1.0,15259.0,1.0,1,80,15259.0,0.022000000000000002,0.003,0.03,0.008,900.0,100.0,29
286,287,5686.0,1.0,5686.0,1.0,1,80,5686.0,0.022000000000000002,0.003,0.03,0.008,900.0,100.0,91
287,288,22415.0,1.0,22415.0,1.0,1,80,22415.0,0.022000000000000002,0.003,0.03,0.008,900.0,100.0,31
288,289,39220.0,1.0,39220.0,1.0,1,80,39220.0,0.022000000000000002,0.003,0.03,0.008,900.0,100.0,31
289,290,77378.0,1.0,77378.0,1.0,1,80,77378.0,0.022000000000000002,0.003,0.03,0.008,900.0,100.0,10
290,291,54475.0,1.0,54475.0,1.0,1,80,54475.0,0.022000000000000002,0.003,0.03,0.008,900.0,100.0,31
291,292,52004.0,1.0,52004.0,1.0,1,80,52004.0,0.022000000000000002,0.003,0.03,0.008,900.0,100.0,6
292,293,64554.0,1.0,64554.0,1.0,1,80,64554.0,0.022000000000000002,0.003,0.03,0.008,900.0,100.0,86
293,294,88911.0,1.0,88911.0,1.0,1,80,88911.0,0.022000000000000002,0.003,0.03,0.008,900.0,100.0,49
294,295,54261.0,1.0,54261.0,1.0,1,80,54261.0,0.022000000000000002,0.003,0.03,0.008,900.0,100.0,98
295,296,42409.0,1.0,42409.0,1.0,1,80,42409.0,0.022000000000000002,0.003,0.03,0.008,900.0,100.0,14
296,297,39660.0,1.0,39660.0,1.0,1,80,39660.0,0.022000000000000002,0.003,0.03,0.008,900.0,100.0,4
297,298,11842.0,1.0,11842.0,1.0,1,80,11842.0,0.022000000000000002,0.003,0.03,0.008,900.0,100.0,56
298,299,76659.0,1.0,76659.0,1.0,1,80,76659.0,0.022000000000000002,0.003,0.03,0.008,900.0,100.0,84
299,300,26547.0,1.0,26547.0,1.0,1,80,26547.0,0.022000000000000002,0.003,0.03,0.008,900.0,100.0,85
300,301,11901.0,0.75,8926.0,1.0,99,999,11901.0,0.02,0.003,0.03,0.008,900.0,100.0,89
301,302,92211.0,0.75,69158.0,1.0,99,999,92211.0,0.02,0.003,0.03,0.008,900.0,100.0,21
302,303,64780.0,0.75,48585.0,1.0,99,999,64780.0,0.02,0.003,0.03,0.008,900.0,100.0,77
303,304,13783.0,0.75,10337.0,1.0,99,999,13783.0,0.02,0.003,0.03,0.008,900.0,100.0,56
304,305,19152.0,0.75,14364.0,1.0,99,999,19152.0,0.02,0.003,0.03,0.008,900.0,100.0,45
305,306,12800.0,0.75,9600.0,1.0,99,999,12800.0,0.02,0.003,0.03,0.008,900.0,100.0,56
306,307,3952.0,0.75,2964.0,1.0,99,999,3952.0,0.02,0.003,0.03,0.008,900.0,100.0,84
307,308,28685.0,0.75,21513.0,1.0,99,999,28685.0,0.02,0.003,0.03,0.008,900.0,100.0,11
308,309,96104.0,0.75,72078.0,1.0,99,999,96104.0,0.02,0.003,0.03,0.008,900.0,100.0,52
309,310,20248.0,0.75,15186.0,1.0,99,999,20248.0,0.02,0.003,0.03,0.008,900.0,100.0,21
310,311,69682.0,0.75,52262.0,1.0,99,999,69682.0,0.02,0.003,0.03,0.008,900.0,100.0,97
311,312,5939.0,0.75,4454.0,1.0,99,999,5939.0,0.02,0.003,0.03,0.008,900.0,100.0,91
312,313,22262.0,0.75,16696.0,1.0,99,999,22262.0,0.02,0.003,0.03,0.008,900.0,100.0,39
313,314,46194.0,0.75,34646.0,1.0,99,999,46194.0,0.02,0.003,0.03,0.008,900.0,100.0,3
314,315,8998.0,0.75,6748.0,1.0,99,999,8998.0,0.02,0.003,0.03,0.008,900.0,100.0,3
315,316,98125.0,0.75,73594.0,1.0,99,999,98125.0,0.02,0.003,0.03,0.008,900.0,100.0,94
316,317,77449.0,0.75,58087.0,1.0,99,999,77449.0,0.02,0.003,0.03,0.008,900.0,100.0,69
317,318,56109.0,0.75,42081.0,1.0,99,999,56109.0,0.02,0.003,0.03,0.008,900.0,100.0,7
318,319,2428.0,0.75,1821.0,1.0,99,999,2428.0,0.02,0.003,0.03,0.008,900.0,100.0,27
319,320,52852.0,0.75,39639.0,1.0,99,999,52852.0,0.02,0.003,0.03,0.008,900.0,100.0,18
320,321,96879.0,0.75,72660.0,1.0,99,999,96879.0,0.02,0.003,0.03,0.008,900.0,100.0,71
321,322,86140.0,0.75,64605.0,1.0,99,999,86140.0,0.02,0.003,0.03,0.008,900.0,100.0,0
322,323,10264.0,0.75,7698.0,1.0,99,999,10264.0,0.02,0.003,0.03,0.008,900.0,100.0,64
323,324,89741.0,0.75,67306.0,1.0,99,999,89741.0,0.02,0.003,0.03,0.008,900.0,100.0,92
324,325,44240.0,0.75,33180.0,1.0,99,999,44240.0,0.02,0.003,0.03,0.008,900.0,100.0,55
325,326,77446.0,0.75,58084.0,1.0,99,999,77446.0,0.02,0.003,0.03,0.008,900.0,100.0,11
326,327,32406.0,0.75,24304.0,1.0,99,999,32406.0,0.02,0.003,0.03,0.008,900.0,100.0,96
327,328,96775.0,0.75,72582.0,1.0,99,999,96775.0,0.02,0.003,0.03,0.008,900.0,100.0,8
328,329,78708.0,0.75,59031.0,1.0,99,999,78708.0,0.02,0.003,0.03,0.008,900.0,100.0,77
329,330,23566.0,0.75,17675.0,1.0,99,999,23566.0,0.02,0.003,0.03,0.008,900.0,100.0,2
330,331,26202.0,0.75,19651.0,1.0,99,999,26202.0,0.02,0.003,0.03,0.008,900.0,100.0,91
331,332,20256.0,0.75,15192.0,1.0,99,999,20256.0,0.02,0.003,0.03,0.008,900.0,100.0,56
332,333,75233.0,0.75,56425.0,1.0,99,999,75233.0,0.02,0.003,0.03,0.008,900.0,100.0,71
333,334,8070.0,0.75,6052.0,1.0,99,999,8070.0,0.02,0.003,0.03,0.008,900.0,100.0,75
334,335,69702.0,0.75,52276.0,1.0,99,999,69702.0,0.02,0.003,0.03,0.008,900.0,100.0,23
335,336,16232.0,0.75,12174.0,1.0,99,999,16232.0,0.02,0.003,0.03,0.008,900.0,100.0,28
336,337,23468.0,0.75,17601.0,1.0,99,999,23468.0,0.02,0.003,0.03,0.008,900.0,100.0,60
337,338,94827.0,0.75,71120.0,1.0,99,999,94827.0,0.02,0.003,0.03,0.008,900.0,100.0,23
338,339,48994.0,0.75,36746.0,1.0,99,999,48994.0,0.02,0.003,0.03,0.008,900.0,100.0,99
339,340,29205.0,0.75,21903.0,1.0,99,999,29205.0,0.02,0.003,0.03,0.008,900.0,100.0,13
340,341,24880.0,0.75,18660.0,1.0,99,999,24880.0,0.02,0.003,0.03,0.008,900.0,100.0,70
341,342,90443.0,0.75,67832.0,1.0,99,999,90443.0,0.02,0.003,0.03,0.008,900.0,100.0,85
342,343,59025.0,0.75,44269.0,1.0,99,999,59025.0,0.02,0.003,0.03,0.008,900.0,100.0,12
343,344,80148.0,0.75,60111.0,1.0,99,999,80148.0,0.02,0.003,0.03,0.008,900.0,100.0,33
344,345,90669.0,0.75,68002.0,1.0,99,999,90669.0,0.02,0.003,0.03,0.008,900.0,100.0,18
345,346,52366.0,0.75,39274.0,1.0,99,999,52366.0,0.02,0.003,0.03,0.008,900.0,100.0,35
346,347,89832.0,0.75,67374.0,1.0,99,999,89832.0,0.02,0.003,0.03,0.008,900.0,100.0,25
347,348,89157.0,0.75,66867.0,1.0,99,999,89157.0,0.02,0.003,0.03,0.008,900.0,100.0,28
348,349,73843.0,0.75,55383.0,1.0,99,999,73843.0,0.02,0.003,0.03,0.008,900.0,100.0,79
349,350,20023.0,0.75,15017.0,1.0,99,999,20023.0,0.02,0.003,0.03,0.008,900.0,100.0,32
350,351,35866.0,0.75,26899.0,1.0,99,999,35866.0,0.02,0.003,0.03,0.008,900.0,100.0,26
351,352,32329.0,0.75,24247.0,1.0,99,999,32329.0,0.02,0.003,0.03,0.008,900.0,100.0,55
352,353,12672.0,0.75,9504.0,1.0,99,999,12672.0,0.02,0.003,0.03,0.008,900.0,100.0,60
353,354,14758.0,0.75,11069.0,1.0,99,999,14758.0,0.02,0.003,0.03,0.008,900.0,100.0,33
354,355,82213.0,0.75,61659.0,1.0,99,999,82213.0,0.02,0.003,0.03,0.008,900.0,100.0,80
355,356,85844.0,0.75,64383.0,1.0,99,999,85844.0,0.02,0.003,0.03,0.008,900.0,100.0,20
356,357,78232.0,0.75,58674.0,1.0,99,999,78232.0,0.02,0.003,0.03,0.008,900.0,100.0,59
357,358,17042.0,0.75,12782.0,1.0,99,999,17042.0,0.02,0.003,0.03,0.008,900.0,100.0,78
358,359,43389.0,0.75,32542.0,1.0,99,999,43389.0,0.02,0.003,0.03,0.008,900.0,100.0,70
359,360,61827.0,0.75,46370.0,1.0,99,999,61827.0,0.02,0.003,0.03,0.008,900.0,100.0,82
360,361,73548.0,0.75,55161.0,1.0,99,999,73548.0,0.02,0.003,0.03,0.008,900.0,100.0,28
361,362,64482.0,0.75,48362.0,1.0,99,999,64482.0,0.02,0.003,0.03,0.008,900.0,100.0,61
362,363,64300.0,0.75,48225.0,1.0,99,999,64300.0,0.02,0.003,0.03,0.008,900.0,100.0,52
363,364,50023.0,0.75,37517.0,1.0,99,999,50023.0,0.02,0.003,0.03,0.008,900.0,100.0,94
364,365,50743.0,0.75,38057.0,1.0,99,999,50743.0,0.02,0.003,0.03,0.008,900.0,100.0,79
365,366,84500.0,0.75,63375.0,1.0,99,999,84500.0,0.02,0.003,0.03,0.008,900.0,100.0,56
366,367,92064.0,0.75,69048.0,1.0,99,999,92064.0,0.02,0.003,0.03,0.008,900.0,100.0,78
367,368,38617.0,0.75,28963.0,1.0,99,999,38617.0,0.02,0.003,0.03,0.008,900.0,100.0,58
368,369,74121.0,0.75,55590.0,1.0,99,999,74121.0,0.02,0.003,0.03,0.008,900.0,100.0,3
369,370,74954.0,0.75,56216.0,1.0,99,999,74954.0,0.02,0.003,0.03,0.008,900.0,100.0,88
370,371,63202.0,0.75,47402.0,1.0,99,999,63202.0,0.02,0.003,0.03,0.008,900.0,100.0,13
371,372,69891.0,0.75,52418.0,1.0,99,999,69891.0,0.02,0.003,0.03,0.008,900.0,100.0,63
372,373,1160.0,0.75,870.0,1.0,99,999,1160.0,0.02,0.003,0.03,0.008,900.0,100.0,93
373,374,25034.0,0.75,18776.0,1.0,99,999,25034.0,0.02,0.003,0.03,0.008,900.0,100.0,6
374,375,78498.0,0.75,58874.0,1.0,99,999,78498.0,0.02,0.003,0.03,0.008,900.0,100.0,36
375,376,89533.0,0.75,67150.0,1.0,99,999,89533.0,0.02,0.003,0.03,0.008,900.0,100.0,75
376,377,22297.0,0.75,16723.0,1.0,99,999,22297.0,0.02,0.003,0.03,0.008,900.0,100.0,31
377,378,46735.0,0.75,35052.0,1.0,99,999,46735.0,0.02,0.003,0.03,0.008,900.0,100.0,99
378,379,28904.0,0.75,21678.0,1.0,99,999,28904.0,0.02,0.003,0.03,0.008,900.0,100.0,98
379,380,82018.0,0.75,61514.0,1.0,99,999,82018.0,0.02,0.003,0.03,0.008,900.0,100.0,80
380,381,75252.0,0.75,56439.0,1.0,99,999,75252.0,0.02,0.003,0.03,0.008,900.0,100.0,55
381,382,31831.0,0.75,23873.0,1.0,99,999,31831.0,0.02,0.003,0.03,0.008,900.0,100.0,25
382,383,37921.0,0.75,28441.0,1.0,99,999,37921.0,0.02,0.003,0.03,0.008,900.0,100.0,57
383,384,40232.0,0.75,30174.0,1.0,99,999,40232.0,0.02,0.003,0.03,0.008,900.0,100.0,43
384,385,6205.0,0.75,4654.0,1.0,99,999,6205.0,0.02,0.003,0.03,0.008,900.0,100.0,36
385,386,87626.0,0.75,65720.0,1.0,99,999,87626.0,0.02,0.003,0.03,0.008,900.0,100.0,91
386,387,95541.0,0.75,71656.0,1.0,99,999,95541.0,0.02,0.003,0.03,0.008,900.0,100.0,10
387,388,43.0,0.75,32.0,1.0,99,999,43.0,0.02,0.003,0.03,0.008,900.0,100.0,54
388,389,35358.0,0.75,26518.0,1.0,99,999,35358.0,0.02,0.003,0.03,0.008,900.0,100.0,20
389,390,54003.0,0.75,40502.0,1.0,99,999,54003.0,0.02,0.003,0.03,0.008,900.0,100.0,49
390,391,83558.0,0.75,62668.0,1.0,99,999,83558.0,0.02,0.003,0.03,0.008,900.0,100.0,38
391,392,32278.0,0.75,24209.0,1.0,99,999,32278.0,0.02,0.003,0.03,0.008,900.0,100.0,62
392,393,50469.0,0.75,37851.0,1.0,99,999,50469.0,0.02,0.003,0.03,0.008,900.0,100.0,78
393,394,19654.0,0.75,14741.0,1.0,99,999,19654.0,0.02,0.003,0.03,0.008,900.0,100.0,62
394,395,56425.0,0.75,42319.0,1.0,99,999,56425.0,0.02,0.003,0.03,0.008,900.0,100.0,55
395,396,40546.0,0.75,30410.0,1.0,99,999,40546.0,0.02,0.003,0.03,0.008,900.0,100.0,59
396,397,50125.0,0.75,37594.0,1.0,99,999,50125.0,0.02,0.003,0.03,0.008,900.0,100.0,51
397,398,84981.0,0.75,63736.0,1.0,99,999,84981.0,0.02,0.003,0.03,0.008,900.0,100.0,31
398,399,16984.0,0.75,12738.0,1.0,99,999,16984.0,0.02,0.003,0.03,0.008,900.0,100.0,8
399,400,82674.0,0.75,62005.0,1.0,99,999,82674.0,0.02,0.003,0.03,0.008,900.0,100.0,74
